0.1,1,62,13,30,5,1,2,1,5,8,1,132,3,72,8,1558603447089000,21009.643880822176,29915.537306317045,10606,4195,0.04195,0.09891923076923075,0.8854646153846155,0.30705,0.68737,0.9995333333333334,0.0,3048.0960999999998,6263,1857.5587761642403,1.97695,2,0.20668502001838399,130.60239,132,10.911188582729952,
0.1,1,62,13,30,5,1,2,1,5,8,1,132,3,72,8,24496300,19691.845743685688,90625.3112960761,10690,4205,0.04205,0.09572692307692308,0.9042730769230769,0.30139,0.69861,1.0,0.0,9527.42454,12746,1870.4471858905283,2.0,2,0.0,131.94308999999998,132,0.24635594554825296,
0.1,1,62,13,30,5,1,2,1,5,8,1,132,3,72,8,17935100,19926.165875877774,98573.30494766889,10538,4204,0.04204,0.09575846153846154,0.9042415384615385,0.30518,0.69482,1.0,0.0,15950.33589,19079,1800.5839265993416,2.0,2,0.0,131.94465,132,0.2433236065412306,
0.1,1,62,13,30,5,1,2,1,5,8,1,132,3,72,8,16852300,19956.021191675376,112065.38393708294,10523,4196,0.04196,0.09538846153846155,0.9046115384615384,0.29376,0.70624,1.0,0.0,22215.16824,25406,1803.0775985618,2.0,2,0.0,131.94895,132,0.2354652787519912,
0.1,1,62,13,30,5,1,2,1,5,8,1,132,3,72,8,505208900,20077.289373088686,72518.59056244043,10464,4196,0.04196,0.09490461538461538,0.9050953846153846,0.30267,0.69733,1.0,0.0,28549.60868,31674,1809.9703844949204,2.0,2,0.0,131.9477,132,0.23601845267056878,
0.1,1,62,13,30,5,1,2,1,5,8,1,132,3,72,8,208187800,19858.017513963838,126483.31004054376,10563,4193,0.04193,0.09522923076923076,0.9047707692307692,0.29386,0.70614,1.0,0.0,34849.24942,38044,1834.248472680198,2.0,2,0.0,131.94927,132,0.23323050207430243,
0.1,1,62,13,30,5,1,2,1,5,8,1,132,3,72,8,64249200,19817.669757759275,93645.09598853868,10568,4188,0.04188,0.09513153846153846,0.9048684615384615,0.30233,0.69767,1.0,0.0,41261.28694,44424,1841.9426327400522,2.0,2,0.0,131.9495,132,0.2328298735053486,
0.1,1,62,13,30,5,1,2,1,5,8,1,132,3,72,8,13555900,20351.599980529594,94785.92840038314,10272,4176,0.04176,0.09480384615384614,0.9051961538461538,0.29861,0.70139,1.0,0.0,47516.11647,50521,1736.9756031979025,2.0,2,0.0,131.95081000000002,132,0.2260759692997775,
0.1,1,62,13,30,5,1,2,1,5,8,1,132,3,72,8,13915100,20175.848759772223,113428.8571770335,10361,4180,0.0418,0.09450076923076925,0.9054992307692308,0.29658,0.70342,1.0,0.0,53587.32417,56701,1767.3862966097804,2.0,2,0.0,131.94782999999998,132,0.23205234561053195,
0.1,1,62,13,30,5,1,2,1,5,8,1,132,3,72,8,12712000,19929.50925219382,73310.16005733397,10484,4186,0.04186,0.09473846153846152,0.9052615384615385,0.30122,0.69878,1.0,0.0,59851.97969,63000,1809.5919729700975,2.0,2,0.0,131.94297,132,0.24794672633456644,
0.1,1,62,13,30,5,1,2,1,25,8,1,132,3,72,8,1558604361264300,19615.44690349544,30118.219956300072,10528,4119,0.04119,0.09378384615384619,0.9048007692307694,0.99966,0.0,0.9801966666666667,0.0,3155.8277199999998,6389,1846.8272003573059,1.99916,2,0.04048820075034058,2.0903,8,1.7614215594229565,
0.1,1,62,13,30,5,1,2,1,25,8,1,132,3,72,8,19684100,19806.474829146213,91048.5,10389,4106,0.04106,0.09313076923076924,0.9068692307692309,1.0,0.0,0.97765,0.0,9523.71218,12673,1810.8265425378656,2.0,2,0.0,2.17782,12,2.2150440283660275,
0.1,1,62,13,30,5,1,2,1,25,8,1,132,3,72,8,20365300,19659.936314363145,95791.9473168341,10332,4081,0.04081,0.09238923076923077,0.9076107692307692,1.0,0.0,0.9736833333333333,0.0,15746.32008,18924,1806.3518142346536,2.0,2,0.0,1.57634,8,1.4874583034155948,
0.1,1,62,13,30,5,1,2,1,25,8,1,132,3,72,8,38967500,19059.341887572853,113126.58041440553,10638,4054,0.04054,0.09234692307692308,0.907653076923077,1.0,0.0,0.96683,0.0,22252.209410000003,25506,1894.5770791174768,2.0,2,0.0,1.98702,10,2.2437449765069113,
0.1,1,62,13,30,5,1,2,1,25,8,1,132,3,72,8,87812100,19330.59305187429,74116.90343137254,10564,4080,0.0408,0.09302615384615386,0.9069738461538461,1.0,0.0,0.9726499999999999,0.0,28777.9661,31990,1886.4713857386432,2.0,2,0.0,1.59187,11,1.7157913343702376,
0.1,1,62,13,30,5,1,2,1,25,8,1,132,3,72,8,68230300,19473.17662886796,122851.51461557357,10406,4071,0.04071,0.09201,0.90799,1.0,0.0,0.9723366666666666,0.0,35120.825130000005,38327,1830.165581304067,2.0,2,0.0,1.76499,9,1.901262817156008,
0.1,1,62,13,30,5,1,2,1,25,8,1,132,3,72,8,68841100,19564.084881394683,94943.59275575135,10497,4086,0.04086,0.09246846153846153,0.9075315384615384,1.0,0.0,0.9741533333333333,0.0,41533.12466,44737,1848.3387753006289,2.0,2,0.0,1.59822,10,1.7645772387742056,
0.1,1,62,13,30,5,1,2,1,25,8,1,132,3,72,8,13409300,19479.959119496856,91244.86426116839,10494,4074,0.04074,0.09228384615384616,0.9077161538461538,1.0,0.0,0.9683533333333333,0.0,47991.43898,51158,1866.088181993766,2.0,2,0.0,1.68562,8,1.7483435633764892,
0.1,1,62,13,30,5,1,2,1,25,8,1,132,3,72,8,12236500,19328.904117422797,117656.72126719057,10492,4072,0.04072,0.09237000000000001,0.9076299999999999,1.0,0.0,0.9708266666666666,0.0,54346.49204,57578,1842.81228643529,2.0,2,0.0,1.56667,9,1.6767990670023645,
0.1,1,62,13,30,5,1,2,1,25,8,1,132,3,72,8,10246400,19646.0869523351,79547.8599852616,10385,4071,0.04071,0.09219846153846153,0.9078015384615384,1.0,0.0,0.9722233333333333,0.0,60713.710759999994,63893,1830.0600687630108,2.0,2,0.0,1.73545,11,1.9749691890001726,
0.1,1,62,13,30,5,1,2,1,45,8,1,132,3,72,8,1558604811852600,10746.190720669329,39221.55180080036,10518,2249,0.02249,0.05165692307692307,0.9479007692307692,0.99976,0.0,0.5358033333333333,0.0,4104.6778,8251,2381.516078057664,1.99942,2,0.03405383385171475,0.0,0,0.0,
0.1,1,62,13,30,5,1,2,1,45,8,1,132,3,72,8,6350900,10559.363405456255,117710.40579064588,10630,2245,0.02245,0.05100384615384616,0.9489961538461539,1.0,0.0,0.5332,0.0,12410.84051,16637,2410.436459463921,2.0,2,0.0,0.0,0,0.0,
0.1,1,62,13,30,5,1,2,1,45,8,1,132,3,72,8,6482400,10623.341237600378,96396.43658210948,10585,2247,0.02247,0.05104230769230769,0.9489576923076922,1.0,0.0,0.5354866666666667,0.0,20771.89204,24975,2401.771152450754,2.0,2,0.0,0.0,0,0.0,
0.1,1,62,13,30,5,1,2,1,45,8,1,132,3,72,8,6233300,10963.85230799069,74959.25842198581,10312,2256,0.02256,0.0512623076923077,0.9487376923076923,1.0,0.0,0.5373933333333333,0.0,29017.97177,33030,2325.196704855972,2.0,2,0.0,0.0,0,0.0,
0.1,1,62,13,30,5,1,2,1,45,8,1,132,3,72,8,6341800,10738.143304248862,86743.02223210316,10544,2249,0.02249,0.051197692307692305,0.9488023076923078,1.0,0.0,0.5365566666666667,0.0,37183.99578,41326,2398.3759345112303,2.0,2,0.0,0.0,0,0.0,
0.1,1,62,13,30,5,1,2,1,45,8,1,132,3,72,8,6364300,10643.50047402351,132740.9236947791,10548,2241,0.02241,0.050771538461538465,0.9492284615384616,1.0,0.0,0.5343733333333333,0.0,45465.625770000006,49632,2394.2009672167105,2.0,2,0.0,0.0,0,0.0,
0.1,1,62,13,30,5,1,2,1,45,8,1,132,3,72,8,6254500,10764.425149124494,110574.22707034729,10394,2246,0.02246,0.05110461538461538,0.9488953846153846,1.0,0.0,0.5369633333333333,0.0,53764.704099999995,57780,2371.3976697136272,2.0,2,0.0,0.0,0,0.0,
0.1,1,62,13,30,5,1,2,1,45,8,1,132,3,72,8,6933700,10449.949399173864,89268.33199105145,10652,2235,0.02235,0.050598461538461544,0.9494015384615385,1.0,0.0,0.5326433333333334,0.0,61962.964360000005,66198,2410.790143519204,2.0,2,0.0,0.0,0,0.0,
0.1,1,62,13,30,5,1,2,1,45,8,1,132,3,72,8,8160500,10748.433501763753,69040.45592163847,10489,2246,0.02246,0.05078384615384615,0.9492161538461539,1.0,0.0,0.53571,0.0,70304.85074000001,74441,2354.3229404311032,2.0,2,0.0,0.0,0,0.0,
0.1,1,62,13,30,5,1,2,1,45,8,1,132,3,72,8,6684400,10793.317217657175,107251.87022222222,10466,2250,0.0225,0.051086153846153844,0.9489138461538461,1.0,0.0,0.5389233333333333,0.0,78554.39711,82657,2372.560288100808,2.0,2,0.0,0.0,0,0.0,
0.1,1,62,13,30,5,1,2,1,65,8,1,132,3,72,8,1558604881647000,7436.975068988486,42788.768834513845,10509,1553,0.01553,0.03581461538461538,0.9628761538461538,0.99951,0.0,0.37074,0.0,4498.0837599999995,8939,2588.9728943935024,1.99888,2,0.046029833803743515,0.0,0,0.0,
0.1,1,62,13,30,5,1,2,1,65,8,1,132,3,72,8,5024700,7386.519153802173,127765.92843326885,10494,1551,0.01551,0.03498,0.9650199999999999,1.0,0.0,0.36779333333333336,0.0,13386.147149999999,17882,2578.7953550053,2.0,2,0.0,0.0,0,0.0,
0.1,1,62,13,30,5,1,2,1,65,8,1,132,3,72,8,5260400,7381.812428298279,113436.65197666883,10460,1543,0.01543,0.03492230769230769,0.9650776923076922,1.0,0.0,0.3678166666666667,0.0,22330.08726,26799,2575.5734073999406,2.0,2,0.0,0.0,0,0.0,
0.1,1,62,13,30,5,1,2,1,65,8,1,132,3,72,8,5151100,7293.870092053354,98881.0025706941,10646,1556,0.01556,0.03519846153846154,0.9648015384615385,1.0,0.0,0.3724133333333333,0.0,31339.161109999997,35889,2619.028285222152,2.0,2,0.0,0.0,0,0.0,
0.1,1,62,13,30,5,1,2,1,65,8,1,132,3,72,8,5107100,7444.73347364393,84080.97813504824,10453,1555,0.01555,0.03548153846153846,0.9645184615384615,1.0,0.0,0.36991666666666667,0.0,40268.1287,44787,2581.313715582863,2.0,2,0.0,0.0,0,0.0,
0.1,1,62,13,30,5,1,2,1,65,8,1,132,3,72,8,6550900,7272.436594543744,68973.72962483829,10630,1546,0.01546,0.03493461538461538,0.9650653846153846,1.0,0.0,0.3685766666666666,0.0,49358.27276,53871,2595.762393760724,2.0,2,0.0,0.0,0,0.0,
0.1,1,62,13,30,5,1,2,1,65,8,1,132,3,72,8,5521400,7344.089795918368,76898.81689232754,10535,1551,0.01551,0.03513538461538462,0.9648646153846154,1.0,0.0,0.37067,0.0,58343.55484,62855,2596.0324818600634,2.0,2,0.0,0.0,0,0.0,
0.1,1,62,13,30,5,1,2,1,65,8,1,132,3,72,8,5055400,7420.615967757413,138978.08779857974,10421,1549,0.01549,0.03490153846153846,0.9650984615384615,1.0,0.0,0.36839333333333335,0.0,67338.17198,71727,2544.2587739660667,2.0,2,0.0,0.0,0,0.0,
0.1,1,62,13,30,5,1,2,1,65,8,1,132,3,72,8,5145400,7321.154302391264,124162.67202572347,10622,1555,0.01555,0.03497923076923077,0.9650207692307693,1.0,0.0,0.3688633333333333,0.0,76269.10014000001,80794,2605.9265645507794,2.0,2,0.0,0.0,0,0.0,
0.1,1,62,13,30,5,1,2,1,65,8,1,132,3,72,8,4965800,7458.300857665992,109556.37240932643,10377,1544,0.01544,0.035186153846153846,0.9648138461538462,1.0,0.0,0.3674733333333333,0.0,85175.7401,89627,2585.048083265089,2.0,2,0.0,0.0,0,0.0,
0.1,1,62,13,30,5,1,2,1,85,8,1,132,3,72,8,1558604936731300,5722.79654676259,44168.15177065767,10425,1186,0.01186,0.027128461538461542,0.9718,0.99969,0.0,0.28424,0.0,4628.7088,9222,2701.3786832028118,1.99899,2,0.04346239639044217,0.0,0,0.0,
0.1,1,62,13,30,5,1,2,1,85,8,1,132,3,72,8,5089000,5595.261413146429,132263.3913778529,10558,1183,0.01183,0.026818461538461538,0.9731815384615385,1.0,0.0,0.28279333333333334,0.0,13884.56611,18597,2710.8284803671118,2.0,2,0.0,0.0,0,0.0,
0.1,1,62,13,30,5,1,2,1,85,8,1,132,3,72,8,4705900,5680.525127318151,121053.65088757397,10407,1183,0.01183,0.026988461538461538,0.9730115384615385,1.0,0.0,0.28203333333333336,0.0,23160.578100000002,27822,2673.140826885165,2.0,2,0.0,0.0,0,0.0,
0.1,1,62,13,30,5,1,2,1,85,8,1,132,3,72,8,4750900,5590.398464163823,110172.24788494078,10548,1182,0.01182,0.027016923076923074,0.972983076923077,1.0,0.0,0.28135666666666664,0.0,32493.18371,37187,2718.5558624535597,2.0,2,0.0,0.0,0,0.0,
0.1,1,62,13,30,5,1,2,1,85,8,1,132,3,72,8,5074600,5564.515457115928,99280.11570945945,10610,1184,0.01184,0.026703076923076923,0.9732969230769231,1.0,0.0,0.28311,0.0,41905.316040000005,46614,2732.419159568719,2.0,2,0.0,0.0,0,0.0,
0.1,1,62,13,30,5,1,2,1,85,8,1,132,3,72,8,4811600,5573.701928477813,88251.9797809604,10682,1187,0.01187,0.02685846153846154,0.9731415384615385,1.0,0.0,0.28377,0.0,51368.41441,56108,2735.7249350976535,2.0,2,0.0,0.0,0,0.0,
0.1,1,62,13,30,5,1,2,1,85,8,1,132,3,72,8,4714800,5540.444579780755,76748.30769230769,10673,1183,0.01183,0.02672,0.97328,1.0,0.0,0.28040333333333334,0.0,60818.079079999996,65598,2762.7470172903604,2.0,2,0.0,0.0,0,0.0,
0.1,1,62,13,30,5,1,2,1,85,8,1,132,3,72,8,4682500,5691.391120912839,65120.38701517707,10429,1186,0.01186,0.02714153846153846,0.9728584615384614,1.0,0.0,0.28104,0.0,70209.40338,74842,2668.634153394436,2.0,2,0.0,0.0,0,0.0,
0.1,1,62,13,30,5,1,2,1,85,8,1,132,3,72,8,4356500,5739.3780880773365,73687.26315789473,10241,1178,0.01178,0.026697692307692308,0.9733023076923076,1.0,0.0,0.2794833333333333,0.0,79401.09641,83904,2632.6925610892863,2.0,2,0.0,0.0,0,0.0,
0.1,1,62,13,30,5,1,2,1,85,8,1,132,3,72,8,4467100,5624.565602667937,141653.70320404723,10495,1186,0.01186,0.02714153846153846,0.9728584615384614,1.0,0.0,0.28357333333333334,0.0,88560.04256999999,93213,2710.7511380868796,2.0,2,0.0,0.0,0,0.0,
0.1,1,62,13,30,5,1,2,1,105,8,1,132,3,72,8,1558604984801300,4575.782338902148,45396.78593913956,10475,953,0.00953,0.021673846153846158,0.977503846153846,0.99965,0.0,0.22598666666666667,0.0,4784.59606,9505,2737.093250573038,1.99911,2,0.04134256765127545,0.0,0,0.0,
0.1,1,62,13,30,5,1,2,1,105,8,1,132,3,72,8,5247100,4508.458416122623,136330.16736401673,10569,956,0.00956,0.021787692307692307,0.9782123076923077,1.0,0.0,0.22665666666666665,0.0,14343.64617,19119,2781.2438937954203,2.0,2,0.0,0.0,0,0.0,
0.1,1,62,13,30,5,1,2,1,105,8,1,132,3,72,8,4610100,4576.8240608654305,127496.51925078043,10515,961,0.00961,0.021964615384615385,0.9780353846153845,1.0,0.0,0.22824999999999998,0.0,23907.331649999996,28672,2733.019163287834,2.0,2,0.0,0.0,0,0.0,
0.1,1,62,13,30,5,1,2,1,105,8,1,132,3,72,8,4618100,4550.936154065079,118725.64166666666,10541,960,0.0096,0.02164846153846154,0.9783515384615384,1.0,0.0,0.22927333333333333,0.0,33446.20633,38254,2764.8684833961943,2.0,2,0.0,0.0,0,0.0,
0.1,1,62,13,30,5,1,2,1,105,8,1,132,3,72,8,4744400,4439.600573118876,109617.08029197081,10818,959,0.00959,0.021746923076923077,0.978253076923077,1.0,0.0,0.22836333333333333,0.0,43204.74857,48112,2861.2299713991565,2.0,2,0.0,0.0,0,0.0,
0.1,1,62,13,30,5,1,2,1,105,8,1,132,3,72,8,4657500,4516.086870588235,100835.00835945664,10625,957,0.00957,0.02166153846153846,0.9783384615384615,1.0,0.0,0.22751000000000002,0.0,52906.48254999999,57780,2770.475455783041,2.0,2,0.0,0.0,0,0.0,
0.1,1,62,13,30,5,1,2,1,105,8,1,132,3,72,8,4624800,4516.040582726327,91115.0449790795,10571,956,0.00956,0.021384615384615387,0.9786153846153846,1.0,0.0,0.22825666666666666,0.0,62573.80577,67396,2785.974219504755,2.0,2,0.0,0.0,0,0.0,
0.1,1,62,13,30,5,1,2,1,105,8,1,132,3,72,8,4662400,4582.225901889674,81622.8102189781,10478,959,0.00959,0.021775384615384617,0.9782246153846154,1.0,0.0,0.2277,0.0,72081.90596,76915,2743.414056225575,2.0,2,0.0,0.0,0,0.0,
0.1,1,62,13,30,5,1,2,1,105,8,1,132,3,72,8,4622000,4576.138413242009,71954.36420395422,10512,961,0.00961,0.02168230769230769,0.9783176923076924,1.0,0.0,0.22959,0.0,81721.02683,86465,2747.8961891544645,2.0,2,0.0,0.0,0,0.0,
0.1,1,62,13,30,5,1,2,1,105,8,1,132,3,72,8,4538600,4613.785563041386,63093.10031347963,10390,957,0.00957,0.021695384615384616,0.9783046153846153,1.0,0.0,0.22755666666666666,0.0,91220.38515,95899,2742.3473500760483,2.0,2,0.0,0.0,0,0.0,
0.1,1,62,13,30,5,1,2,1,125,8,1,132,3,72,8,1558605032648300,3864.2300487431903,46116.30961298377,10463,801,0.00801,0.018699999999999998,0.9795353846153847,0.99891,0.0,0.1902,0.0,4882.5983,9645,2805.774039404655,1.99751,2,0.07002713688278364,0.0,0,0.0,
0.1,1,62,13,30,5,1,2,1,125,8,1,132,3,72,8,4529400,3831.7370430466735,138595.38480697386,10477,803,0.00803,0.01820692307692308,0.9817930769230769,1.0,0.0,0.19125999999999999,0.0,14508.274280000001,19320,2816.980937881975,2.0,2,0.0,0.0,0,0.0,
0.1,1,62,13,30,5,1,2,1,125,8,1,132,3,72,8,4253700,3708.918577662241,130961.43445692884,10771,801,0.00801,0.018208461538461538,0.9817915384615384,1.0,0.0,0.18889333333333333,0.0,24278.86653,29290,2896.021914795521,2.0,2,0.0,0.0,0,0.0,
0.1,1,62,13,30,5,1,2,1,125,8,1,132,3,72,8,4162500,3768.8244771057093,123568.645,10614,800,0.008,0.018043846153846153,0.9819561538461539,1.0,0.0,0.19065,0.0,34249.83118,39103,2823.1129549027532,2.0,2,0.0,0.0,0,0.0,
0.1,1,62,13,30,5,1,2,1,125,8,1,132,3,72,8,4330300,3844.4981320049815,116116.70199501247,10439,802,0.00802,0.018308461538461537,0.9816915384615386,1.0,0.0,0.1915933333333333,0.0,43932.80163,48740,2781.0315743945184,2.0,2,0.0,0.0,0,0.0,
0.1,1,62,13,30,5,1,2,1,125,8,1,132,3,72,8,4163200,3847.856582096697,108518.37142857142,10445,805,0.00805,0.018253846153846155,0.9817461538461539,1.0,0.0,0.19149333333333332,0.0,53531.80299,58381,2759.0158592942166,2.0,2,0.0,0.0,0,0.0,
0.1,1,62,13,30,5,1,2,1,125,8,1,132,3,72,8,4208800,3844.2391304347825,100768.54047322541,10442,803,0.00803,0.018427692307692308,0.9815723076923076,1.0,0.0,0.19149000000000002,0.0,63152.99248,68020,2771.4952810862555,2.0,2,0.0,0.0,0,0.0,
0.1,1,62,13,30,5,1,2,1,125,8,1,132,3,72,8,4146100,3799.7696746121833,93330.61519302615,10572,803,0.00803,0.018037692307692307,0.9819623076923076,1.0,0.0,0.19187333333333334,0.0,72947.12484,77788,2837.7029060624604,2.0,2,0.0,0.0,0,0.0,
0.1,1,62,13,30,5,1,2,1,125,8,1,132,3,72,8,4171900,3816.6307750687793,85847.41293532339,10541,804,0.00804,0.01833846153846154,0.9816615384615385,1.0,0.0,0.19117333333333333,0.0,82649.62068,87525,2829.7923473207834,2.0,2,0.0,0.0,0,0.0,
0.1,1,62,13,30,5,1,2,1,125,8,1,132,3,72,8,4260800,3820.7658722592946,77891.85162094764,10490,802,0.00802,0.018054615384615384,0.9819453846153846,1.0,0.0,0.19160333333333335,0.0,92351.9002,97213,2784.8904435541895,2.0,2,0.0,0.0,0,0.0,
0.1,1,62,13,30,5,1,2,1,145,8,1,132,3,72,8,1558605077393500,3272.0645766848133,46855.48410404624,10654,692,0.00692,0.015951538461538465,0.9831769230769232,0.99965,0.0,0.16491,0.0,4950.65546,9946,2878.963418251817,1.99899,2,0.04482164544056609,0.0,0,0.0,
0.1,1,62,13,30,5,1,2,1,145,8,1,132,3,72,8,4459000,3273.5191272315105,140186.27913669066,10587,695,0.00695,0.015586923076923078,0.984413076923077,1.0,0.0,0.16645333333333334,0.0,14934.93247,19838,2859.0252907083045,2.0,2,0.0,0.0,0,0.0,
0.1,1,62,13,30,5,1,2,1,145,8,1,132,3,72,8,4388700,3321.002486135016,133259.9696969697,10458,693,0.00693,0.01572153846153846,0.9842784615384615,1.0,0.0,0.16454333333333335,0.0,24701.030580000002,29602,2830.6385144812753,2.0,2,0.0,0.0,0,0.0,
0.1,1,62,13,30,5,1,2,1,145,8,1,132,3,72,8,4822500,3291.089032013639,126702.03170028818,10558,694,0.00694,0.015931538461538462,0.9840684615384615,1.0,0.0,0.16638666666666665,0.0,34528.96447,39466,2863.9527892595443,2.0,2,0.0,0.0,0,0.0,
0.1,1,62,13,30,5,1,2,1,145,8,1,132,3,72,8,4656700,3307.1692204558512,120511.98697539797,10442,691,0.00691,0.015456923076923078,0.984543076923077,1.0,0.0,0.16392333333333334,0.0,44392.594900000004,49218,2804.775444750181,2.0,2,0.0,0.0,0,0.0,
0.1,1,62,13,30,5,1,2,1,145,8,1,132,3,72,8,5656000,3277.589158345221,113671.66376811595,10515,690,0.0069,0.01572076923076923,0.9842792307692307,1.0,0.0,0.16448666666666667,0.0,54103.329560000006,59043,2831.0912862444766,2.0,2,0.0,0.0,0,0.0,
0.1,1,62,13,30,5,1,2,1,145,8,1,132,3,72,8,5723900,3258.4473832831327,107340.90724637681,10624,690,0.0069,0.015543076923076922,0.9844569230769231,1.0,0.0,0.16536,0.0,64002.8876,68976,2852.248446178155,2.0,2,0.0,0.0,0,0.0,
0.1,1,62,13,30,5,1,2,1,145,8,1,132,3,72,8,20169700,3299.9325423404457,101089.11014492753,10451,690,0.0069,0.015815384615384617,0.9841846153846153,1.0,0.0,0.16428333333333334,0.0,73872.14825,78738,2837.1550547533166,2.0,2,0.0,0.0,0,0.0,
0.1,1,62,13,30,5,1,2,1,145,8,1,132,3,72,8,4510700,3233.3753388800596,94669.66425470333,10697,691,0.00691,0.015617692307692306,0.9843823076923077,1.0,0.0,0.16594666666666666,0.0,83778.33933999999,88743,2881.241035982532,2.0,2,0.0,0.0,0,0.0,
0.1,1,62,13,30,5,1,2,1,145,8,1,132,3,72,8,4320400,3296.2852112676055,88132.19596541786,10508,694,0.00694,0.01577846153846154,0.9842215384615384,1.0,0.0,0.1661,0.0,93637.18513,98558,2832.204163759505,2.0,2,0.0,0.0,0,0.0,
0.1,1,62,13,30,5,1,2,1,165,8,1,132,3,72,8,1558605141813800,2956.360452742575,47078.153465346535,10337,606,0.00606,0.014073846153846156,0.9852576923076923,0.99957,0.0,0.14484,0.0,4881.3094,9714,2799.6248394439635,1.9990400000000002,2,0.04265065532907576,0.0,0,0.0,
0.1,1,62,13,30,5,1,2,1,165,8,1,132,3,72,8,4325300,2851.250937031484,141317.34046052632,10672,608,0.00608,0.013718461538461539,0.9862815384615384,1.0,0.0,0.14478666666666667,0.0,14762.46051,19778,2897.9206088781157,2.0,2,0.0,0.0,0,0.0,
0.1,1,62,13,30,5,1,2,1,165,8,1,132,3,72,8,4288400,2893.7701083856246,135174.94745484402,10518,609,0.00609,0.013890000000000001,0.98611,1.0,0.0,0.14518666666666666,0.0,24708.682409999998,29687,2873.8695819307227,2.0,2,0.0,0.0,0,0.0,
0.1,1,62,13,30,5,1,2,1,165,8,1,132,3,72,8,4310200,2849.9546822113575,129144.96534653465,10636,606,0.00606,0.013883076923076923,0.9861169230769231,1.0,0.0,0.14532333333333333,0.0,34736.57012,39718,2908.6172089299625,2.0,2,0.0,0.0,0,0.0,
0.1,1,62,13,30,5,1,2,1,165,8,1,132,3,72,8,4275900,2894.7005525914633,123378.52873563218,10496,609,0.00609,0.013936923076923078,0.9860630769230769,1.0,0.0,0.14455666666666667,0.0,44635.00596,49605,2855.981445742299,2.0,2,0.0,0.0,0,0.0,
0.1,1,62,13,30,5,1,2,1,165,8,1,132,3,72,8,3999000,2887.738056795517,118050.57236842105,10529,608,0.00608,0.013753076923076923,0.9862469230769231,1.0,0.0,0.14563333333333334,0.0,54549.14864,59526,2863.6205711695998,2.0,2,0.0,0.0,0,0.0,
0.1,1,62,13,30,5,1,2,1,165,8,1,132,3,72,8,5140700,2944.2337900424545,112255.33004926109,10364,609,0.00609,0.0138,0.9862,1.0,0.0,0.14584,0.0,64446.00147,69281,2823.991995092713,2.0,2,0.0,0.0,0,0.0,
0.1,1,62,13,30,5,1,2,1,165,8,1,132,3,72,8,4553700,2876.2335573010314,106753.26644736843,10567,608,0.00608,0.013693846153846155,0.9863061538461538,1.0,0.0,0.14499666666666666,0.0,74214.89883,79240,2885.7423350316562,2.0,2,0.0,0.0,0,0.0,
0.1,1,62,13,30,5,1,2,1,165,8,1,132,3,72,8,4326500,2896.1865181376747,100648.84729064039,10503,609,0.00609,0.013903076923076924,0.9860969230769231,1.0,0.0,0.14529,0.0,84101.67417,89134,2886.9211091758907,2.0,2,0.0,0.0,0,0.0,
0.1,1,62,13,30,5,1,2,1,165,8,1,132,3,72,8,3992600,2905.57995999619,94641.013136289,10499,609,0.00609,0.01389076923076923,0.9861092307692308,1.0,0.0,0.14565,0.0,94042.10795,99023,2844.5673733163817,2.0,2,0.0,0.0,0,0.0,
0.1,1,62,13,30,5,1,2,1,185,8,1,132,3,72,8,1558605185977800,2608.748416810593,47227.05925925926,10422,540,0.0054,0.012593846153846152,0.9865392307692307,0.99948,0.0,0.12944333333333333,0.0,4927.63613,9866,2862.74649260961,1.99856,2,0.053272191620021093,0.0,0,0.0,
0.1,1,62,13,30,5,1,2,1,185,8,1,132,3,72,8,4178700,2574.011591448931,142050.31918819188,10525,542,0.00542,0.012175384615384616,0.9878246153846154,1.0,0.0,0.12912333333333334,0.0,14895.706139999998,19849,2883.8339078952436,2.0,2,0.0,0.0,0,0.0,
0.1,1,62,13,30,5,1,2,1,185,8,1,132,3,72,8,4114900,2579.854451563546,136763.98333333334,10457,540,0.0054,0.01224923076923077,0.9877507692307692,1.0,0.0,0.12835333333333335,0.0,24808.53937,29765,2872.3931922162187,2.0,2,0.0,0.0,0,0.0,
0.1,1,62,13,30,5,1,2,1,185,8,1,132,3,72,8,3956400,2581.930150562226,131862.64022140222,10494,542,0.00542,0.01225846153846154,0.9877415384615384,1.0,0.0,0.12917666666666666,0.0,34713.29938,39718,2892.6451735724227,2.0,2,0.0,0.0,0,0.0,
0.1,1,62,13,30,5,1,2,1,185,8,1,132,3,72,8,4008500,2572.8401822150518,126569.50922509225,10537,542,0.00542,0.012381538461538461,0.9876184615384616,1.0,0.0,0.12912666666666667,0.0,44723.29853,49713,2887.522974403809,2.0,2,0.0,0.0,0,0.0,
0.1,1,62,13,30,5,1,2,1,185,8,1,132,3,72,8,4080300,2571.6923149725535,121241.84926470589,10566,544,0.00544,0.012371538461538462,0.9876284615384615,1.0,0.0,0.12872333333333333,0.0,54708.00827,59735,2910.3821426270038,2.0,2,0.0,0.0,0,0.0,
0.1,1,62,13,30,5,1,2,1,185,8,1,132,3,72,8,4006600,2568.2349082612413,115800.29020332717,10519,541,0.00541,0.012162307692307693,0.9878376923076923,1.0,0.0,0.12872999999999998,0.0,64761.880229999995,69713,2880.2341976974762,2.0,2,0.0,0.0,0,0.0,
0.1,1,62,13,30,5,1,2,1,185,8,1,132,3,72,8,3976900,2572.0959034312327,110647.04981549816,10521,542,0.00542,0.012336923076923077,0.987663076923077,1.0,0.0,0.12811666666666668,0.0,74673.01387,79692,2915.1479765730514,2.0,2,0.0,0.0,0,0.0,
0.1,1,62,13,30,5,1,2,1,185,8,1,132,3,72,8,3924200,2603.4520732883316,105689.8595194085,10370,541,0.00541,0.01228076923076923,0.9877192307692308,1.0,0.0,0.12802333333333335,0.0,84608.9681,89521,2842.203493805984,2.0,2,0.0,0.0,0,0.0,
0.1,1,62,13,30,5,1,2,1,185,8,1,132,3,72,8,4372200,2545.5207195328685,100393.99815498156,10618,542,0.00542,0.012383846153846153,0.9876161538461539,1.0,0.0,0.12936666666666666,0.0,94537.52435,99597,2911.8540802324724,2.0,2,0.0,0.0,0,0.0,
0.1,1,62,13,30,5,1,2,6,5,8,1,132,3,72,8,1558605230790300,21045.232580037664,30032.49011669445,10620,4199,0.04199,0.09925153846153847,0.8806069230769231,0.05222166666666667,0.927005,0.99959,0.0,3022.326,6267,1853.4845940185207,1.95102,2,0.30899993462782505,130.41061000000002,132,11.882958782554674,
0.1,1,62,13,30,5,1,2,6,5,8,1,132,3,72,8,7223200,19602.80003749883,89782.21193317423,10667,4190,0.0419,0.09510230769230768,0.9048976923076923,0.04848333333333333,0.9515166666666667,1.0,0.0,9456.2675,12742,1878.3349652454801,2.0,2,0.0,132.0,132,0.0,
0.1,1,62,13,30,5,1,2,6,5,8,1,132,3,72,8,7960600,20144.2320399539,98133.17963359505,10412,4203,0.04203,0.09509923076923076,0.9049007692307692,0.04885166666666666,0.9511483333333333,1.0,0.0,15848.01166,18952,1779.1054550149759,2.0,2,0.0,132.0,132,0.0,
0.1,1,62,13,30,5,1,2,6,5,8,1,132,3,72,8,7676400,19938.207803303587,111000.75297477392,10534,4202,0.04202,0.09488461538461539,0.9051153846153847,0.049905,0.950095,1.0,0.0,22110.17473,25284,1817.684701591438,2.0,2,0.0,132.0,132,0.0,
0.1,1,62,13,30,5,1,2,6,5,8,1,132,3,72,8,7695000,19956.373385258357,72026.79628748215,10528,4202,0.04202,0.09569538461538461,0.9043046153846154,0.048806666666666665,0.9511933333333333,1.0,0.0,28427.498290000003,31610,1815.5744832302737,2.0,2,0.0,132.0,132,0.0,
0.1,1,62,13,30,5,1,2,6,5,8,1,132,3,72,8,7780800,19763.195862717443,125956.8203236554,10635,4202,0.04202,0.09522,0.90478,0.049315000000000005,0.950685,1.0,0.0,34878.60815,38042,1838.691545867242,2.0,2,0.0,132.0,132,0.0,
0.1,1,62,13,30,5,1,2,6,5,8,1,132,3,72,8,8141600,20061.688041924725,92367.56446241675,10495,4204,0.04204,0.09559461538461538,0.9044053846153847,0.04923166666666667,0.9507683333333333,1.0,0.0,41222.26413,44334,1799.9271035031406,2.0,2,0.0,132.0,132,0.0,
0.1,1,62,13,30,5,1,2,6,5,8,1,132,3,72,8,7847000,20194.023387872956,97277.43408820024,10390,4195,0.04195,0.09538076923076924,0.9046192307692308,0.05105666666666667,0.9489433333333332,1.0,0.0,47430.62437,50528,1780.0285078538468,2.0,2,0.0,132.0,132,0.0,
0.1,1,62,13,30,5,1,2,6,5,8,1,132,3,72,8,7768900,19974.096045736063,111923.15478177916,10495,4193,0.04193,0.09541153846153846,0.9045884615384616,0.05007500000000001,0.949925,1.0,0.0,53674.27777,56830,1842.3665628625029,2.0,2,0.0,132.0,132,0.0,
0.1,1,62,13,30,5,1,2,6,5,8,1,132,3,72,8,7773800,19850.052596726895,71944.8596616631,10571,4197,0.04197,0.09537615384615386,0.9046238461538463,0.05035499999999999,0.949645,1.0,0.0,60012.78488,63204,1836.2088748080298,2.0,2,0.0,132.0,132,0.0,
0.1,1,62,13,30,5,1,2,6,25,8,1,132,3,72,8,1558605310007100,21330.29762361058,29472.3490093101,10436,4189,0.04189,0.09820153846153845,0.8847784615384616,0.177775,0.8101183333333335,0.9988666666666667,0.0,2964.32022,6092,1817.6179476719385,1.95705,2,0.28921496762788734,130.58335,132,11.160996047732413,
0.1,1,62,13,30,5,1,2,6,25,8,1,132,3,72,8,7170900,19736.32531143828,89763.63747016706,10596,4190,0.0419,0.09549153846153845,0.9045084615384616,0.17166166666666668,0.8283383333333333,1.0,0.0,9340.51434,12497,1857.5273327072107,2.0,2,0.0,132.0,132,0.0,
0.1,1,62,13,30,5,1,2,6,25,8,1,132,3,72,8,7324800,19867.124361158432,100906.13590844063,10566,4194,0.04194,0.09499153846153846,0.9050084615384615,0.170905,0.829095,1.0,0.0,15687.28201,18870,1828.2256867794947,2.0,2,0.0,132.0,132,0.0,
0.1,1,62,13,30,5,1,2,6,25,8,1,132,3,72,8,8283800,20223.44023099134,110514.59828856667,10390,4207,0.04207,0.09560384615384615,0.9043961538461538,0.17055166666666666,0.8294483333333332,1.0,0.0,22010.795739999998,25052,1769.8090705152156,2.0,2,0.0,132.0,132,0.0,
0.1,1,62,13,30,5,1,2,6,25,8,1,132,3,72,8,9499600,19893.3122627183,70655.04651717558,10536,4192,0.04192,0.09503230769230771,0.9049676923076924,0.17102166666666666,0.8289783333333333,1.0,0.0,28219.63529,31396,1804.402378078881,2.0,2,0.0,132.0,132,0.0,
0.1,1,62,13,30,5,1,2,6,25,8,1,132,3,72,8,7355100,20164.860143884893,129599.9419185908,10425,4201,0.04201,0.09545692307692308,0.9045430769230769,0.172355,0.827645,1.0,0.0,34491.86321,37622,1804.0695412534571,2.0,2,0.0,132.0,132,0.0,
0.1,1,62,13,30,5,1,2,6,25,8,1,132,3,72,8,10323200,19959.528633942162,90776.57405199141,10512,4193,0.04193,0.09518692307692309,0.9048130769230769,0.17211666666666667,0.8278833333333333,1.0,0.0,40781.65635,43939,1811.0963761862279,2.0,2,0.0,132.0,132,0.0,
0.1,1,62,13,30,5,1,2,6,25,8,1,132,3,72,8,7268900,19900.542732613227,98281.38280133397,10554,4198,0.04198,0.09487769230769232,0.9051223076923077,0.1723,0.8277000000000001,1.0,0.0,47086.90118,50295,1800.855694478215,2.0,2,0.0,132.0,132,0.0,
0.1,1,62,13,30,5,1,2,6,25,8,1,132,3,72,8,7756200,19978.541028810498,111667.81796521325,10517,4197,0.04197,0.0951846153846154,0.9048153846153846,0.17125833333333332,0.8287416666666667,1.0,0.0,53408.97074,56615,1822.3293197400665,2.0,2,0.0,132.0,132,0.0,
0.1,1,62,13,30,5,1,2,6,25,8,1,132,3,72,8,8431600,19884.3258299442,70353.93111638955,10573,4210,0.0421,0.09544923076923076,0.9045507692307692,0.17146999999999998,0.8285300000000001,1.0,0.0,59781.33076,62979,1833.7604294612295,2.0,2,0.0,132.0,132,0.0,
0.1,1,62,13,30,5,1,2,6,45,8,1,132,3,72,8,1558605394121200,21189.050470487597,29852.228346456694,10521,4191,0.04191,0.09855692307692307,0.8863399999999999,0.32327999999999996,0.67349,0.9990899999999999,0.0,3012.62105,6174,1839.380409166874,1.97253,2,0.22524519772905288,130.67374,132,10.864690258465659,
0.1,1,62,13,30,5,1,2,6,45,8,1,132,3,72,8,9824300,19619.37586659172,90146.3723150358,10674,4190,0.0419,0.09484000000000001,0.90516,0.31037333333333333,0.6896266666666667,1.0,0.0,9368.53093,12658,1870.7621251092608,2.0,2,0.0,132.0,132,0.0,
0.1,1,62,13,30,5,1,2,6,45,8,1,132,3,72,8,8290300,19933.756062767476,99566.01123595505,10515,4183,0.04183,0.09513307692307693,0.9048669230769231,0.31115333333333334,0.6888466666666666,1.0,0.0,15827.06861,18990,1841.7093612518404,2.0,2,0.0,132.0,132,0.0,
0.1,1,62,13,30,5,1,2,6,45,8,1,132,3,72,8,8385300,19995.812315317893,110700.78889683107,10491,4197,0.04197,0.09530615384615385,0.9046938461538462,0.31007833333333334,0.6899216666666667,1.0,0.0,22142.752679999998,25284,1824.638311516255,2.0,2,0.0,132.0,132,0.0,
0.1,1,62,13,30,5,1,2,6,45,8,1,132,3,72,8,8278300,20055.753126491647,71275.06336350643,10475,4198,0.04198,0.09531923076923077,0.9046807692307692,0.31225166666666665,0.6877483333333334,1.0,0.0,28437.36891,31562,1789.3550132870387,2.0,2,0.0,132.0,132,0.0,
0.1,1,62,13,30,5,1,2,6,45,8,1,132,3,72,8,8611900,20123.47043578422,126583.48460987832,10418,4191,0.04191,0.09456999999999999,0.9054300000000001,0.31024666666666667,0.6897533333333333,1.0,0.0,34667.35498,37790,1785.490553895404,2.0,2,0.0,132.0,132,0.0,
0.1,1,62,13,30,5,1,2,6,45,8,1,132,3,72,8,9341700,20105.096854383784,92535.49035943823,10459,4201,0.04201,0.0954253846153846,0.9045746153846154,0.3102333333333333,0.6897666666666668,1.0,0.0,40935.33601,44046,1819.0307343657594,2.0,2,0.0,132.0,132,0.0,
0.1,1,62,13,30,5,1,2,6,45,8,1,132,3,72,8,8164100,20102.627730931392,96416.29490233444,10436,4198,0.04198,0.09522230769230769,0.9047776923076923,0.31128833333333333,0.6887116666666667,1.0,0.0,47173.57213,50285,1823.4561276261215,2.0,2,0.0,132.0,132,0.0,
0.1,1,62,13,30,5,1,2,6,45,8,1,132,3,72,8,8455800,19576.356263982103,112298.25017852892,10728,4201,0.04201,0.09567692307692306,0.9043230769230769,0.31102666666666673,0.6889733333333333,1.0,0.0,53538.888060000005,56811,1872.25381108142,2.0,2,0.0,132.0,132,0.0,
0.1,1,62,13,30,5,1,2,6,45,8,1,132,3,72,8,8054000,20150.53773314204,72498.28792201617,10455,4206,0.04206,0.09530538461538461,0.9046946153846154,0.3111216666666667,0.6888783333333333,1.0,0.0,59991.13413,63060,1806.9722323101007,2.0,2,0.0,132.0,132,0.0,
0.1,1,62,13,30,5,1,2,6,65,8,1,132,3,72,8,1558605481486200,20977.346190206088,30329.97057416268,10578,4180,0.0418,0.09820615384615385,0.8888438461538464,0.46612500000000007,0.5331233333333333,0.9990333333333333,0.0,3070.4318700000003,6242,1847.0764609453233,1.99384,2,0.10752699382015517,130.06355,132,13.016765012763537,
0.1,1,62,13,30,5,1,2,6,65,8,1,132,3,72,8,8129800,19697.719590148525,90811.2942578032,10638,4197,0.04197,0.09529538461538462,0.9047046153846154,0.4518283333333333,0.5481716666666667,1.0,0.0,9461.019690000001,12683,1880.1961805519866,2.0,2,0.0,132.0,132,0.0,
0.1,1,62,13,30,5,1,2,6,65,8,1,132,3,72,8,9047000,19920.275914634145,98470.51673040153,10496,4184,0.04184,0.09469153846153847,0.9053084615384616,0.45040499999999994,0.549595,1.0,0.0,15815.15669,18997,1841.652847243001,2.0,2,0.0,132.0,132,0.0,
0.1,1,62,13,30,5,1,2,6,65,8,1,132,3,72,8,8960400,19932.656401023407,111629.22851701976,10553,4201,0.04201,0.09524384615384615,0.9047561538461538,0.4519433333333333,0.5480566666666666,1.0,0.0,22201.677799999998,25348,1833.2820964344885,2.0,2,0.0,132.0,132,0.0,
0.1,1,62,13,30,5,1,2,6,65,8,1,132,3,72,8,8320800,20008.250119377328,72215.1501551683,10471,4189,0.04189,0.09530538461538463,0.9046946153846154,0.4507233333333333,0.5492766666666666,1.0,0.0,28465.48436,31631,1830.2125498573685,2.0,2,0.0,132.0,132,0.0,
0.1,1,62,13,30,5,1,2,6,65,8,1,132,3,72,8,8755200,20234.50593686649,125985.06781279847,10359,4188,0.04188,0.09499692307692308,0.9050030769230768,0.45076166666666667,0.5492383333333334,1.0,0.0,34707.05892,37802,1812.3555653205112,2.0,2,0.0,132.0,132,0.0,
0.1,1,62,13,30,5,1,2,6,65,8,1,132,3,72,8,8643900,19869.297896640335,92351.69892473119,10507,4185,0.04185,0.09469153846153847,0.9053084615384616,0.4494450000000001,0.550555,1.0,0.0,40941.496889999995,44122,1791.952414047593,2.0,2,0.0,132.0,132,0.0,
0.1,1,62,13,30,5,1,2,6,65,8,1,132,3,72,8,8713800,19769.133339615528,95883.67642857143,10612,4200,0.042,0.09501846153846155,0.9049815384615384,0.45130333333333333,0.5486966666666667,1.0,0.0,47295.590560000004,50534,1834.0870566956949,2.0,2,0.0,132.0,132,0.0,
0.1,1,62,13,30,5,1,2,6,65,8,1,132,3,72,8,8537400,20000.38635060218,113302.89040114613,10462,4188,0.04188,0.09490230769230769,0.9050976923076923,0.45020333333333334,0.5497966666666666,1.0,0.0,53683.262299999995,56809,1798.683512121874,2.0,2,0.0,132.0,132,0.0,
0.1,1,62,13,30,5,1,2,6,65,8,1,132,3,72,8,8818200,19832.11173078741,73391.43027413587,10579,4195,0.04195,0.09520692307692308,0.9047930769230769,0.45104833333333333,0.5489516666666666,1.0,0.0,60031.58413,63192,1862.4876336185132,2.0,2,0.0,132.0,132,0.0,
0.1,1,62,13,30,5,1,2,6,85,8,1,132,3,72,8,1558605569854500,21399.90233138252,29809.226545714966,10423,4189,0.04189,0.09876846153846151,0.8989392307692309,0.6096016666666667,0.38965000000000005,0.9985500000000002,0.0,2955.11436,6078,1789.7924846478124,1.99776,2,0.0656885256342414,128.87953000000002,132,16.47176726945519,
0.1,1,62,13,30,5,1,2,6,85,8,1,132,3,72,8,10568200,20038.714626012388,89510.05358418671,10495,4199,0.04199,0.09583846153846154,0.9041615384615385,0.5915983333333333,0.4084016666666667,1.0,0.0,9206.54369,12375,1825.8963331994437,2.0,2,0.0,132.0,132,0.0,
0.1,1,62,13,30,5,1,2,6,85,8,1,132,3,72,8,9707800,19325.98216925351,100653.60568426081,10824,4187,0.04187,0.09527615384615386,0.9047238461538462,0.5904683333333333,0.4095316666666667,1.0,0.0,15614.61976,19011,1916.7024626732089,2.0,2,0.0,132.0,132,0.0,
0.1,1,62,13,30,5,1,2,6,85,8,1,132,3,72,8,11431700,19842.46439042845,109321.35472328245,10573,4192,0.04192,0.09492999999999999,0.90507,0.5921933333333333,0.40780666666666665,1.0,0.0,22190.20276,25393,1816.0037227903413,2.0,2,0.0,132.0,132,0.0,
0.1,1,62,13,30,5,1,2,6,85,8,1,132,3,72,8,8310600,20084.94844868735,70756.53590109368,10475,4206,0.04206,0.09546307692307693,0.9045369230769231,0.5927250000000001,0.407275,1.0,0.0,28546.739400000002,31661,1798.7369392069297,2.0,2,0.0,132.0,132,0.0,
0.1,1,62,13,30,5,1,2,6,85,8,1,132,3,72,8,8961500,20248.964044727203,129323.05377111587,10374,4203,0.04203,0.09546692307692307,0.9045330769230768,0.5923166666666667,0.40768333333333334,1.0,0.0,34722.074270000005,37832,1792.277585675202,2.0,2,0.0,132.0,132,0.0,
0.1,1,62,13,30,5,1,2,6,85,8,1,132,3,72,8,8217300,19964.428911305673,90131.23772055317,10508,4194,0.04194,0.09526384615384617,0.9047361538461538,0.5902549999999999,0.409745,1.0,0.0,41034.10713999999,44148,1826.8581599954007,2.0,2,0.0,132.0,132,0.0,
0.1,1,62,13,30,5,1,2,6,85,8,1,132,3,72,8,8321600,19711.04608425219,95877.65424133811,10611,4185,0.04185,0.09525615384615384,0.9047438461538462,0.5890283333333333,0.4109716666666667,1.0,0.0,47381.90131,50572,1864.8570818565386,2.0,2,0.0,132.0,132,0.0,
0.1,1,62,13,30,5,1,2,6,85,8,1,132,3,72,8,8619400,19941.342652671756,112933.30105212817,10480,4182,0.04182,0.09526692307692307,0.9047330769230769,0.5880833333333334,0.41191666666666665,1.0,0.0,53701.12623,56872,1808.8637685011224,2.0,2,0.0,132.0,132,0.0,
0.1,1,62,13,30,5,1,2,6,85,8,1,132,3,72,8,8294200,20114.584688995215,72842.15523809523,10450,4200,0.042,0.09497153846153845,0.9050284615384616,0.5906466666666668,0.4093533333333334,1.0,0.0,59968.88459,63120,1767.0849604675668,2.0,2,0.0,132.0,132,0.0,
0.1,1,62,13,30,5,1,2,6,105,8,1,132,3,72,8,1558605661606700,21377.785281967528,29857.93181818182,10409,4180,0.0418,0.09852538461538463,0.8997084615384616,0.7528416666666667,0.24663833333333332,0.99858,0.0,2944.98668,6074,1776.3665786662891,1.9979,2,0.06241466173905289,126.17202,132,21.99068732713003,
0.1,1,62,13,30,5,1,2,6,105,8,1,132,3,72,8,8745600,20411.307647458943,89126.10613993337,10291,4202,0.04202,0.09546615384615385,0.9045338461538461,0.7306083333333332,0.2693916666666667,1.0,0.0,9175.31457,12163,1747.8106334656832,2.0,2,0.0,131.99973,132,0.01642945826854521,
0.1,1,62,13,30,5,1,2,6,105,8,1,132,3,72,8,9018400,19725.08886792453,101169.91326164875,10600,4185,0.04185,0.09464615384615384,0.9053538461538462,0.7282416666666668,0.2717583333333333,1.0,0.0,15402.78195,18577,1866.8514317117388,2.0,2,0.0,131.99985,132,0.012246530226464842,
0.1,1,62,13,30,5,1,2,6,105,8,1,132,3,72,8,8421000,19835.19296749123,109256.44051600574,10551,4186,0.04186,0.09511923076923078,0.9048807692307691,0.7285200000000001,0.27148,1.0,0.0,21759.97974,24942,1852.7631326560836,2.0,2,0.0,131.99989,132,0.010487511665863961,
0.1,1,62,13,30,5,1,2,6,105,8,1,132,3,72,8,8863700,20072.75985115924,74663.54562737643,10481,4208,0.04208,0.09543461538461537,0.9045653846153846,0.7330116666666667,0.2669883333333333,1.0,0.0,28147.83134,31215,1818.6724000637441,2.0,2,0.0,131.99981000000002,132,0.01378273891135266,
0.1,1,62,13,30,5,1,2,6,105,8,1,132,3,72,8,8312200,19882.588024178316,127763.6119828816,10588,4206,0.04206,0.09542153846153846,0.9045784615384616,0.7322583333333333,0.2677416666666667,1.0,0.0,34432.46347,37597,1830.123017161835,2.0,2,0.0,131.99977,132,0.01516400665978013,
0.1,1,62,13,30,5,1,2,6,105,8,1,132,3,72,8,8269500,20154.77094704587,88509.5690515807,10443,4207,0.04207,0.09550384615384615,0.9044961538461538,0.7319833333333333,0.2680166666666667,1.0,0.0,40716.22516,43833,1814.796019227232,2.0,2,0.0,131.99994,132,0.007745734343703785,
0.1,1,62,13,30,5,1,2,6,105,8,1,132,3,72,8,8145600,20144.98630268199,102588.04515209126,10440,4208,0.04208,0.09558076923076923,0.9044192307692308,0.7346933333333333,0.26530666666666664,1.0,0.0,46952.3277,50065,1789.1573655587056,2.0,2,0.0,131.99991,132,0.00948640604157255,
0.1,1,62,13,30,5,1,2,6,105,8,1,132,3,72,8,8555800,20146.23887183423,108396.51524535494,10424,4198,0.04198,0.09537846153846155,0.9046215384615385,0.731775,0.268225,1.0,0.0,53182.909349999994,56291,1816.5056146550157,2.0,2,0.0,131.99992,132,0.008943914063446067,
0.1,1,62,13,30,5,1,2,6,105,8,1,132,3,72,8,8083700,19837.853969754255,71918.40123898022,10580,4197,0.04197,0.09522076923076925,0.9047792307692307,0.7309749999999999,0.269025,1.0,0.0,59525.16206,62677,1823.495114497488,2.0,2,0.0,131.99983,132,0.013037296469735359,
0.1,1,62,13,30,5,1,2,6,125,8,1,132,3,72,8,1558605749730400,21227.55849489065,29381.319597508384,10471,4174,0.04174,0.09838,0.9000953846153846,0.8946783333333334,0.10479499999999999,0.9983133333333333,0.0,2969.31529,6142,1831.841805332059,1.99805,2,0.06233937359325583,117.86758,132,32.40961346489028,
0.1,1,62,13,30,5,1,2,6,125,8,1,132,3,72,8,11843300,20004.959721294264,89429.77804239104,10477,4199,0.04199,0.09525692307692307,0.9047430769230769,0.8717299999999999,0.12827000000000002,1.0,0.0,9267.13467,12420,1822.7405334259727,2.0,2,0.0,131.98643,132,0.11638666201064539,
0.1,1,62,13,30,5,1,2,6,125,8,1,132,3,72,8,12007400,20002.32911512845,100193.2755174875,10510,4203,0.04203,0.09534230769230768,0.9046576923076923,0.8723633333333333,0.12763666666666665,1.0,0.0,15524.06135,18727,1805.790873807426,2.0,2,0.0,131.98432,132,0.12519639610496294,
0.1,1,62,13,30,5,1,2,6,125,8,1,132,3,72,8,9604400,20387.694997102568,109707.80365188523,10354,4217,0.04217,0.09579692307692309,0.9042030769230769,0.8751916666666667,0.12480833333333334,1.0,0.0,21800.42226,24863,1789.2847309795397,2.0,2,0.0,131.97976,132,0.1409622020237057,
0.1,1,62,13,30,5,1,2,6,125,8,1,132,3,72,8,10417200,19898.148460445285,70794.58234174203,10555,4202,0.04202,0.09525076923076924,0.9047492307692308,0.871505,0.128495,1.0,0.0,28019.67441,31219,1844.0847543595055,2.0,2,0.0,131.98485,132,0.1223130307845356,
0.1,1,62,13,30,5,1,2,6,125,8,1,132,3,72,8,11155600,20003.682355182926,129250.6899261729,10496,4199,0.04199,0.09540538461538461,0.9045946153846155,0.8709316666666668,0.1290683333333333,1.0,0.0,34353.75794,37513,1820.8059919516165,2.0,2,0.0,131.9866,132,0.1171342819075459,
0.1,1,62,13,30,5,1,2,6,125,8,1,132,3,72,8,8699400,20113.86687128333,88604.38633658653,10426,4201,0.04201,0.09504923076923076,0.9049507692307692,0.8702333333333333,0.12976666666666667,1.0,0.0,40649.75511,43739,1784.1800956011193,2.0,2,0.0,131.98796000000002,132,0.11133300677152962,
0.1,1,62,13,30,5,1,2,6,125,8,1,132,3,72,8,9235400,19733.004429365752,100097.3875506797,10611,4193,0.04193,0.09494076923076923,0.9050592307692308,0.8690850000000001,0.130915,1.0,0.0,46906.39188,50157,1857.8523067483864,2.0,2,0.0,131.98522,132,0.12116745273308772,
0.1,1,62,13,30,5,1,2,6,125,8,1,132,3,72,8,8689800,20015.25155428025,109096.53326973527,10455,4193,0.04193,0.09523923076923077,0.9047607692307693,0.8711016666666667,0.12889833333333334,1.0,0.0,53268.698150000004,56418,1806.2280008891623,2.0,2,0.0,131.98359,132,0.1281433256219236,
0.1,1,62,13,30,5,1,2,6,125,8,1,132,3,72,8,9265800,20183.736372360843,72940.185,10420,4200,0.042,0.09509538461538461,0.9049046153846153,0.8706866666666667,0.12931333333333334,1.0,0.0,59575.15474,62640,1803.9899148043264,2.0,2,0.0,131.98256999999998,132,0.13238653670520908,
0.1,1,62,13,30,5,1,2,6,145,8,1,132,3,72,8,1558605852569700,19795.13818424566,30617.05751570807,10486,4138,0.04138,0.09437615384615383,0.9048584615384615,0.9995916666666665,0.0,0.9891133333333334,0.0,3201.82603,6323,1833.52999171119,1.99853,2,0.05355220910476359,1.2998399999999999,5,1.0051845474339527,
0.1,1,62,13,30,5,1,2,6,145,8,1,132,3,72,8,8325800,20144.945415695416,91398.07568088696,10296,4149,0.04149,0.09378,0.90622,1.0,0.0,0.9891066666666667,0.0,9391.570940000001,12471,1769.1144741388248,2.0,2,0.0,1.33461,7,1.1585448406945669,
0.1,1,62,13,30,5,1,2,6,145,8,1,132,3,72,8,8189100,19665.2469463119,98346.1356626506,10561,4150,0.0415,0.09375000000000001,0.90625,1.0,0.0,0.9877033333333333,0.0,15704.85468,18880,1847.4196883930038,2.0,2,0.0,1.1503299999999999,5,0.9648165064404736,
0.1,1,62,13,30,5,1,2,6,145,8,1,132,3,72,8,8348700,19647.77627343306,110795.71954742417,10562,4154,0.04154,0.09453076923076922,0.9054692307692308,1.0,0.0,0.9887066666666667,0.0,22089.7271,25288,1865.7969841935058,2.0,2,0.0,1.47271,6,1.2254122799694802,
0.1,1,62,13,30,5,1,2,6,145,8,1,132,3,72,8,7955700,20244.61660656856,70280.68986274982,10261,4153,0.04153,0.09432000000000001,0.90568,1.0,0.0,0.9897466666666667,0.0,28309.76152,31397,1767.4365219965166,2.0,2,0.0,1.3087499999999999,6,1.0111297827183217,
0.1,1,62,13,30,5,1,2,6,145,8,1,132,3,72,8,8392400,19518.094511908123,130180.72436206066,10623,4154,0.04154,0.09393230769230769,0.9060676923076924,1.0,0.0,0.9931533333333333,0.0,34626.562269999995,37867,1871.3942191272406,2.0,2,0.0,1.79657,7,1.3787408150555347,
0.1,1,62,13,30,5,1,2,6,145,8,1,132,3,72,8,8403100,19844.350315427262,91580.5,10462,4150,0.0415,0.09420538461538462,0.9057946153846154,1.0,0.0,0.9904633333333334,0.0,41021.9039,44178,1814.946450186596,2.0,2,0.0,1.748,7,1.3678728011039625,
0.1,1,62,13,30,5,1,2,6,145,8,1,132,3,72,8,8393700,20090.287786481,96983.5875842156,10341,4156,0.04156,0.09468769230769232,0.9053123076923076,1.0,0.0,0.9940733333333333,0.0,47245.99553,50364,1779.8088602909659,2.0,2,0.0,1.69445,6,1.2093093886594943,
0.1,1,62,13,30,5,1,2,6,145,8,1,132,3,72,8,8151100,19580.387924528302,112591.74211413437,10600,4153,0.04153,0.09425,0.90575,1.0,0.0,0.9907,0.0,53518.452450000004,56812,1862.903954152987,2.0,2,0.0,1.48473,6,1.2125291036094763,
0.1,1,62,13,30,5,1,2,6,145,8,1,132,3,72,8,9274300,19873.798353909464,73568.50686912509,10449,4149,0.04149,0.09419307692307692,0.905806923076923,1.0,0.0,0.9891033333333333,0.0,59990.532170000006,63111,1820.620048204675,2.0,2,0.0,1.30511,6,1.0744942474950716,
0.1,1,62,13,30,5,1,2,6,165,8,1,132,3,72,8,1558605937054200,17515.928920394676,33111.188632619436,10439,3642,0.03642,0.0830030769230769,0.9158907692307694,0.99919,0.0,0.8693966666666667,0.0,3380.98428,6772,1926.2812745995536,1.99794,2,0.06384165098115648,0.34079000000000004,3,0.6288816867265257,
0.1,1,62,13,30,5,1,2,6,165,8,1,132,3,72,8,7639600,17531.590227010387,97278.90904109589,10396,3650,0.0365,0.0830269230769231,0.916973076923077,1.0,0.0,0.87193,0.0,10145.19651,13521,1993.7553358107464,2.0,2,0.0,0.33014,3,0.611463474297525,
0.1,1,62,13,30,5,1,2,6,165,8,1,132,3,72,8,8153000,17239.94889959384,76399.26926240746,10587,3647,0.03647,0.08271,0.91729,1.0,0.0,0.8711666666666668,0.0,17012.220520000003,20459,2026.8217914485754,2.0,2,0.0,0.37417,3,0.6948286199488332,
0.1,1,62,13,30,5,1,2,6,165,8,1,132,3,72,8,8209100,17341.33374524715,126873.39638157895,10520,3648,0.03648,0.08289692307692308,0.9171030769230769,1.0,0.0,0.8691233333333335,0.0,23924.04452,27333,1966.0510720217871,2.0,2,0.0,0.35265,3,0.6401780826457588,
0.1,1,62,13,30,5,1,2,6,165,8,1,132,3,72,8,7628100,17121.32387751268,92757.24410312671,10646,3646,0.03646,0.08275846153846153,0.9172415384615384,1.0,0.0,0.8705966666666667,0.0,30876.84549,34332,2009.7635832148524,2.0,2,0.0,0.32081,3,0.6092544163976162,
0.1,1,62,13,30,5,1,2,6,165,8,1,132,3,72,8,7878100,17365.16247379455,86511.83676268862,10494,3645,0.03645,0.0830776923076923,0.9169223076923078,1.0,0.0,0.8696266666666667,0.0,37723.25877,41179,1989.5890787818662,2.0,2,0.0,0.32747,3,0.6146815428333602,
0.1,1,62,13,30,5,1,2,6,165,8,1,132,3,72,8,7954000,17674.168604651164,122681.83232876712,10320,3650,0.0365,0.08282076923076923,0.9171792307692308,1.0,0.0,0.8710633333333333,0.0,44504.2238,47851,1924.7518624627323,2.0,2,0.0,0.32841,3,0.6091279602021237,
0.1,1,62,13,30,5,1,2,6,165,8,1,132,3,72,8,8040000,16942.36305317962,88908.91408180071,10756,3643,0.03643,0.08282923076923075,0.9171707692307692,1.0,0.0,0.8671233333333334,0.0,51434.37847,54965,2062.5346582421867,2.0,2,0.0,0.2206,3,0.4862259145705831,
0.1,1,62,13,30,5,1,2,6,165,8,1,132,3,72,8,7548700,17422.4103764571,92670.76499589154,10466,3651,0.03651,0.0830753846153846,0.9169246153846154,1.0,0.0,0.8708366666666666,0.0,58376.76571,61779,1940.0288786762794,2.0,2,0.0,0.23931,3,0.5141018614049165,
0.1,1,62,13,30,5,1,2,6,165,8,1,132,3,72,8,8175400,17102.91963615904,119804.7213384531,10664,3646,0.03646,0.08279384615384616,0.9172061538461539,1.0,0.0,0.86831,0.0,65275.59771,68796,2056.513256600203,2.0,2,0.0,0.27849,3,0.5541058742695298,
0.1,1,62,13,30,5,1,2,6,185,8,1,132,3,72,8,1558606016891000,15271.031766917293,34443.99043209876,10640,3240,0.0324,0.07401461538461539,0.9239453846153844,0.999355,0.0,0.7728999999999999,0.0,3645.48323,7378,2141.411691258542,1.99788,2,0.06399613738343592,0.2175,3,0.513725364372833,
0.1,1,62,13,30,5,1,2,6,185,8,1,132,3,72,8,7072500,15714.366202629544,103746.9987699877,10344,3252,0.03252,0.07379307692307692,0.9262069230769231,1.0,0.0,0.7774,0.0,10936.10499,14468,2053.976139059825,2.0,2,0.0,0.18305,3,0.4591761072834692,
0.1,1,62,13,30,5,1,2,6,185,8,1,132,3,72,8,7155100,15327.447169811321,73346.40886699507,10600,3248,0.03248,0.07411307692307692,0.925886923076923,1.0,0.0,0.7741833333333333,0.0,18136.64667,21821,2119.7989069361997,2.0,2,0.0,0.24313,3,0.5461847701098961,
0.1,1,62,13,30,5,1,2,6,185,8,1,132,3,72,8,7690000,15330.386598908339,115393.3325130729,10626,3251,0.03251,0.07385846153846153,0.9261415384615385,1.0,0.0,0.7768166666666666,0.0,25507.56586,29192,2111.9915557791523,2.0,2,0.0,0.25717,3,0.5612607157997075,
0.1,1,62,13,30,5,1,2,6,185,8,1,132,3,72,8,7683400,15547.95726331928,111551.5404242238,10436,3253,0.03253,0.07378384615384616,0.9262161538461539,1.0,0.0,0.7761333333333335,0.0,32813.775839999995,36379,2072.4564190236883,2.0,2,0.0,0.24253,3,0.5429080945242942,
0.1,1,62,13,30,5,1,2,6,185,8,1,132,3,72,8,7730800,15324.176121372031,80195.34194341944,10612,3252,0.03252,0.07346692307692307,0.926533076923077,1.0,0.0,0.7766833333333333,0.0,40031.81529,43739,2108.5592423529843,2.0,2,0.0,0.19067,3,0.4389247670159432,
0.1,1,62,13,30,5,1,2,6,185,8,1,132,3,72,8,8551000,15490.551304016752,103190.2356374808,10506,3255,0.03255,0.07375846153846154,0.9262415384615384,1.0,0.0,0.7767466666666666,0.0,47403.01949,50990,2100.01936692742,2.0,2,0.0,0.24303,3,0.5417992424321023,
0.1,1,62,13,30,5,1,2,6,185,8,1,132,3,72,8,7228600,15658.423469387755,117860.26763166,10388,3247,0.03247,0.07347615384615386,0.9265238461538462,1.0,0.0,0.77374,0.0,54572.42884,58129,2095.842400376543,2.0,2,0.0,0.20375000000000001,3,0.4740843147584615,
0.1,1,62,13,30,5,1,2,6,185,8,1,132,3,72,8,7858600,15466.542848981146,87214.26121696374,10502,3254,0.03254,0.07328923076923076,0.9267107692307692,1.0,0.0,0.7746333333333334,0.0,61721.198860000004,65378,2100.871151435515,2.0,2,0.0,0.13451,3,0.37268895865050794,
0.1,1,62,13,30,5,1,2,6,185,8,1,132,3,72,8,7146800,15400.475554292212,84997.76215384615,10554,3250,0.0325,0.07368384615384616,0.9263161538461537,1.0,0.0,0.7741533333333334,0.0,69027.85581,72683,2120.700061715584,2.0,2,0.0,0.18687,3,0.4714759835877115,
0.1,1,62,13,30,5,1,2,11,5,8,1,132,3,72,8,1558606095547500,20875.66157164291,30934.102196752625,10664,4188,0.04188,0.09940307692307691,0.8855023076923079,0.028079999999999994,0.9537436363636363,0.9994466666666667,0.0,3103.51688,6315,1833.4918667327279,1.95992,2,0.28027414008431045,130.68603,132,11.017741730459205,
0.1,1,62,13,30,5,1,2,11,5,8,1,132,3,72,8,8481700,19850.81762256294,90663.93312708235,10566,4202,0.04202,0.0954046153846154,0.9045953846153847,0.02693909090909091,0.973060909090909,1.0,0.0,9517.3059,12679,1853.5703982868288,2.0,2,0.0,132.0,132,0.0,
0.1,1,62,13,30,5,1,2,11,5,8,1,132,3,72,8,8665800,19662.057102803738,97851.89034253093,10700,4204,0.04204,0.0949876923076923,0.9050123076923077,0.02735909090909091,0.9726409090909091,1.0,0.0,15924.41639,19176,1884.0729257036137,2.0,2,0.0,132.0,132,0.0,
0.1,1,62,13,30,5,1,2,11,5,8,1,132,3,72,8,9123600,19632.181707886142,111537.31076265147,10715,4209,0.04209,0.09612461538461538,0.9038753846153846,0.02758090909090909,0.9724190909090908,1.0,0.0,22419.86077,25681,1871.7363379613746,2.0,2,0.0,132.0,132,0.0,
0.1,1,62,13,30,5,1,2,11,5,8,1,132,3,72,8,8265200,20092.264903201074,72433.3398568019,10434,4190,0.0419,0.09472076923076922,0.9052792307692308,0.02724909090909091,0.9727509090909091,1.0,0.0,28770.611230000002,31925,1807.0512253026254,2.0,2,0.0,132.0,132,0.0,
0.1,1,62,13,30,5,1,2,11,5,8,1,132,3,72,8,8281500,19985.69090387923,127162.95553430553,10466,4183,0.04183,0.09509692307692307,0.9049030769230769,0.027679999999999996,0.97232,1.0,0.0,35079.16107,38208,1818.6208782058877,2.0,2,0.0,132.0,132,0.0,
0.1,1,62,13,30,5,1,2,11,5,8,1,132,3,72,8,8266800,20154.47603496302,93211.89,10411,4200,0.042,0.09513846153846155,0.9048615384615384,0.027231818181818187,0.9727681818181818,1.0,0.0,41302.24765,44421,1770.952169201546,2.0,2,0.0,132.0,132,0.0,
0.1,1,62,13,30,5,1,2,11,5,8,1,132,3,72,8,8094500,19866.575694378615,93553.81177031212,10549,4197,0.04197,0.09520307692307693,0.9047969230769232,0.027555454545454546,0.9724445454545454,1.0,0.0,47657.427650000005,50771,1867.1237234702583,2.0,2,0.0,132.0,132,0.0,
0.1,1,62,13,30,5,1,2,11,5,8,1,132,3,72,8,9135700,19737.70520882215,114922.2817403709,10655,4206,0.04206,0.09496,0.9050400000000001,0.027195454545454547,0.9728045454545454,1.0,0.0,54013.39429,57221,1849.7622887403875,2.0,2,0.0,132.0,132,0.0,
0.1,1,62,13,30,5,1,2,11,5,8,1,132,3,72,8,9002200,20437.00321167883,75377.25695931478,10275,4203,0.04203,0.09520923076923077,0.9047907692307693,0.026847272727272723,0.9731527272727273,1.0,0.0,60286.3863,63292,1768.7299253455476,2.0,2,0.0,132.0,132,0.0,
0.1,1,62,13,30,5,1,2,11,25,8,1,132,3,72,8,1558606183947100,21294.014736842106,30245.861336515514,10450,4190,0.0419,0.09873846153846152,0.8847238461538461,0.09711909090909089,0.8869290909090908,0.99921,0.0,2996.3831,6099,1790.5056340638503,1.9571800000000001,2,0.2894588875816385,130.66626,132,10.759436677280089,
0.1,1,62,13,30,5,1,2,11,25,8,1,132,3,72,8,9036500,19815.430905827903,89690.189511323,10587,4195,0.04195,0.09497846153846153,0.9050215384615385,0.09350545454545454,0.9064945454545456,1.0,0.0,9304.12427,12492,1832.1815014694782,2.0,2,0.0,132.0,132,0.0,
0.1,1,62,13,30,5,1,2,11,25,8,1,132,3,72,8,8510700,19878.79624740713,101106.01233689205,10606,4215,0.04215,0.09609153846153848,0.9039084615384615,0.09400909090909092,0.9059909090909091,1.0,0.0,15751.32705,18882,1825.9876350754162,2.0,2,0.0,132.0,132,0.0,
0.1,1,62,13,30,5,1,2,11,25,8,1,132,3,72,8,8369400,19872.22462121212,110003.9126908397,10560,4192,0.04192,0.09466538461538462,0.9053346153846153,0.09392181818181818,0.9060781818181819,1.0,0.0,22061.39565,25251,1842.8284568974727,2.0,2,0.0,132.0,132,0.0,
0.1,1,62,13,30,5,1,2,11,25,8,1,132,3,72,8,8633400,20201.53728895321,70016.98783106657,10365,4191,0.04191,0.09530615384615385,0.9046938461538462,0.0934118181818182,0.9065881818181818,1.0,0.0,28326.55686,31425,1768.0080763522935,2.0,2,0.0,132.0,132,0.0,
0.1,1,62,13,30,5,1,2,11,25,8,1,132,3,72,8,11164600,19993.706802785993,130479.81980906922,10481,4190,0.0419,0.09483076923076922,0.9051692307692307,0.09427181818181819,0.9057281818181818,1.0,0.0,34519.32812,37715,1831.7341677703364,2.0,2,0.0,132.0,132,0.0,
0.1,1,62,13,30,5,1,2,11,25,8,1,132,3,72,8,8475600,20152.653533518216,91665.02753382387,10457,4213,0.04213,0.09542692307692308,0.904573076923077,0.09310636363636364,0.9068936363636364,1.0,0.0,40824.47665,43960,1812.3755224884114,2.0,2,0.0,132.0,132,0.0,
0.1,1,62,13,30,5,1,2,11,25,8,1,132,3,72,8,8842900,19637.002902893528,97975.94466968757,10679,4193,0.04193,0.09497538461538461,0.9050246153846153,0.09347818181818184,0.9065218181818182,1.0,0.0,47193.49584,50446,1864.802085981758,2.0,2,0.0,132.0,132,0.0,
0.1,1,62,13,30,5,1,2,11,25,8,1,132,3,72,8,8283100,20039.73816102906,111399.28483119354,10495,4206,0.04206,0.09515153846153845,0.9048484615384615,0.09420636363636362,0.9057936363636364,1.0,0.0,53562.19077,56735,1809.737695893098,2.0,2,0.0,132.0,132,0.0,
0.1,1,62,13,30,5,1,2,11,25,8,1,132,3,72,8,9118200,19894.093607305935,71704.26890956813,10512,4191,0.04191,0.09552461538461537,0.9044753846153846,0.09384090909090909,0.906159090909091,1.0,0.0,59888.740099999995,63057,1808.0694570708515,2.0,2,0.0,132.0,132,0.0,
0.1,1,62,13,30,5,1,2,11,45,8,1,132,3,72,8,1558606275337800,21050.927518427517,30426.553328561204,10582,4191,0.04191,0.09835,0.8817007692307691,0.17537999999999998,0.8105054545454546,0.9991366666666668,0.0,3055.5258200000003,6231,1826.7052360885502,1.95184,2,0.3064320714285636,130.22832,132,12.925585865932709,
0.1,1,62,13,30,5,1,2,11,45,8,1,132,3,72,8,8825800,20242.277135145556,90547.56632531555,10374,4199,0.04199,0.09487076923076923,0.9051292307692308,0.16969818181818183,0.8303018181818181,1.0,0.0,9277.56079,12405,1770.2235884894812,2.0,2,0.0,132.0,132,0.0,
0.1,1,62,13,30,5,1,2,11,45,8,1,132,3,72,8,8842500,19798.882741691843,98686.73961813842,10592,4190,0.0419,0.09482,0.9051800000000001,0.17030545454545457,0.8296945454545455,1.0,0.0,15608.25051,18807,1874.185822621321,2.0,2,0.0,132.0,132,0.0,
0.1,1,62,13,30,5,1,2,11,45,8,1,132,3,72,8,8341500,20375.363645167537,109883.88989298455,10326,4205,0.04205,0.09558538461538461,0.9044146153846154,0.17015272727272726,0.8298472727272728,1.0,0.0,21889.62854,24928,1743.9849004900968,2.0,2,0.0,132.0,132,0.0,
0.1,1,62,13,30,5,1,2,11,45,8,1,132,3,72,8,8656200,19930.287160563912,70625.6973871734,10569,4210,0.0421,0.09548461538461538,0.9045153846153847,0.17005363636363635,0.8299463636363636,1.0,0.0,28143.84939,31288,1838.7044855567879,2.0,2,0.0,132.0,132,0.0,
0.1,1,62,13,30,5,1,2,11,45,8,1,132,3,72,8,8787000,20226.804498938018,129337.91507633588,10358,4192,0.04192,0.09467153846153847,0.9053284615384616,0.17028181818181817,0.8297181818181817,1.0,0.0,34377.70813,37453,1779.5154331677004,2.0,2,0.0,132.0,132,0.0,
0.1,1,62,13,30,5,1,2,11,45,8,1,132,3,72,8,9380300,20111.950665772583,90171.7430952381,10439,4200,0.042,0.09538076923076923,0.9046192307692308,0.16996818181818182,0.8300318181818181,1.0,0.0,40598.09839,43692,1798.6494595361542,2.0,2,0.0,132.0,132,0.0,
0.1,1,62,13,30,5,1,2,11,45,8,1,132,3,72,8,9105000,19757.56755228943,99607.52148997135,10614,4188,0.04188,0.09495230769230768,0.9050476923076923,0.16881454545454544,0.8311854545454544,1.0,0.0,46880.262610000005,50118,1869.7542325892705,2.0,2,0.0,132.0,132,0.0,
0.1,1,62,13,30,5,1,2,11,45,8,1,132,3,72,8,8723900,20220.722570079954,110134.1407477971,10381,4199,0.04199,0.09500923076923076,0.9049907692307693,0.16989818181818184,0.8301018181818182,1.0,0.0,53266.92824,56301,1788.047696229212,2.0,2,0.0,132.0,132,0.0,
0.1,1,62,13,30,5,1,2,11,45,8,1,132,3,72,8,8179900,19997.944938342414,71710.1810591603,10461,4192,0.04192,0.09486846153846155,0.9051315384615385,0.1697172727272727,0.8302827272727273,1.0,0.0,59450.780479999994,62569,1794.1087807520405,2.0,2,0.0,132.0,132,0.0,
0.1,1,62,13,30,5,1,2,11,65,8,1,132,3,72,8,1558606364905800,20948.216406690473,30522.90798569726,10642,4195,0.04195,0.09846461538461539,0.8817676923076923,0.25499181818181815,0.7346527272727272,0.9990100000000001,0.0,3097.70512,6286,1852.3783117618777,1.9513699999999998,2,0.3072541669367569,130.29923,132,12.52481901693999,
0.1,1,62,13,30,5,1,2,11,65,8,1,132,3,72,8,8538600,19771.315431807456,91057.99141221374,10595,4192,0.04192,0.09527692307692306,0.904723076923077,0.24616,0.75384,1.0,0.0,9519.9493,12689,1832.0645222124404,2.0,2,0.0,132.0,132,0.0,
0.1,1,62,13,30,5,1,2,11,65,8,1,132,3,72,8,8770800,20047.121238259537,98049.62157003101,10434,4191,0.04191,0.09488,0.90512,0.24622454545454547,0.7537754545454546,1.0,0.0,15764.66338,18932,1847.1996629999085,2.0,2,0.0,132.0,132,0.0,
0.1,1,62,13,30,5,1,2,11,65,8,1,132,3,72,8,8189600,20038.86895565093,112202.94029495718,10485,4204,0.04204,0.0950323076923077,0.9049676923076924,0.24531636363636364,0.7546836363636363,1.0,0.0,22125.20204,25213,1811.0413319965464,2.0,2,0.0,132.0,132,0.0,
0.1,1,62,13,30,5,1,2,11,65,8,1,132,3,72,8,8762900,20145.51685500862,72252.1513564969,10442,4202,0.04202,0.09515230769230769,0.9048476923076924,0.24668909090909089,0.753310909090909,1.0,0.0,28336.72741,31454,1790.7656437414405,2.0,2,0.0,132.0,132,0.0,
0.1,1,62,13,30,5,1,2,11,65,8,1,132,3,72,8,9068500,19684.094242310577,125660.38096374046,10664,4192,0.04192,0.09547923076923077,0.9045207692307693,0.24581454545454545,0.7541854545454545,1.0,0.0,34665.309160000004,37925,1852.495138098827,2.0,2,0.0,132.0,132,0.0,
0.1,1,62,13,30,5,1,2,11,65,8,1,132,3,72,8,8878400,19919.357000285145,91867.12693867812,10521,4191,0.04191,0.09532307692307693,0.904676923076923,0.24595909090909093,0.7540409090909092,1.0,0.0,41101.24859,44255,1840.6650948048296,2.0,2,0.0,132.0,132,0.0,
0.1,1,62,13,30,5,1,2,11,65,8,1,132,3,72,8,8646300,20072.99122221162,97587.91787669602,10481,4201,0.04201,0.09530000000000001,0.9047,0.2464709090909091,0.753529090909091,1.0,0.0,47341.45879,50535,1809.1167274784905,2.0,2,0.0,132.0,132,0.0,
0.1,1,62,13,30,5,1,2,11,65,8,1,132,3,72,8,8463200,19763.011846558857,112442.87285714285,10636,4200,0.042,0.09538307692307693,0.9046169230769231,0.2468927272727273,0.7531072727272726,1.0,0.0,53761.18256,56972,1850.201368314146,2.0,2,0.0,132.0,132,0.0,
0.1,1,62,13,30,5,1,2,11,65,8,1,132,3,72,8,8748100,19850.504261363636,72135.8952517299,10560,4191,0.04191,0.09531076923076923,0.9046892307692308,0.24627181818181818,0.7537281818181818,1.0,0.0,60148.933639999996,63340,1818.2030404926766,2.0,2,0.0,132.0,132,0.0,
0.1,1,62,13,30,5,1,2,11,85,8,1,132,3,72,8,1558606453080500,21369.16720934687,30486.41626908397,10442,4192,0.04192,0.09799769230769231,0.8844946153846155,0.3331045454545455,0.6614172727272728,0.9988666666666667,0.0,3007.20289,6090,1782.154649839808,1.9617,2,0.2707270027167586,130.39972,132,12.145315307623838,
0.1,1,62,13,30,5,1,2,11,85,8,1,132,3,72,8,8741200,19898.621226504652,89882.56781883194,10534,4195,0.04195,0.09513,0.9048700000000001,0.3225272727272728,0.6774727272727272,1.0,0.0,9249.27285,12429,1830.97831119948,2.0,2,0.0,132.0,132,0.0,
0.1,1,62,13,30,5,1,2,11,85,8,1,132,3,72,8,9646300,19983.14751449482,100935.75922838772,10521,4199,0.04199,0.09579692307692306,0.9042030769230769,0.3228018181818182,0.6771981818181818,1.0,0.0,15625.50375,18750,1812.4606964141176,2.0,2,0.0,132.0,132,0.0,
0.1,1,62,13,30,5,1,2,11,85,8,1,132,3,72,8,8647900,20230.852858933566,109478.42030021443,10371,4197,0.04197,0.09542538461538462,0.9045746153846154,0.32234818181818176,0.6776518181818182,1.0,0.0,21854.71829,24925,1775.2045561144307,2.0,2,0.0,132.0,132,0.0,
0.1,1,62,13,30,5,1,2,11,85,8,1,132,3,72,8,8228800,20173.88337182448,70024.20209973754,10392,4191,0.04191,0.09526538461538461,0.9047346153846154,0.3226954545454545,0.6773045454545454,1.0,0.0,28025.9619,31125,1787.6635531912884,2.0,2,0.0,132.0,132,0.0,
0.1,1,62,13,30,5,1,2,11,85,8,1,132,3,72,8,9122600,20024.517060116603,130362.05582061068,10463,4192,0.04192,0.09558461538461538,0.9044153846153846,0.3219727272727273,0.6780272727272728,1.0,0.0,34239.37977,37398,1809.9423038607022,2.0,2,0.0,132.0,132,0.0,
0.1,1,62,13,30,5,1,2,11,85,8,1,132,3,72,8,8773200,19805.868740515933,90360.35963653754,10544,4182,0.04182,0.09484076923076921,0.9051592307692308,0.32083636363636364,0.6791636363636364,1.0,0.0,40526.38443,43758,1827.2120904655803,2.0,2,0.0,132.0,132,0.0,
0.1,1,62,13,30,5,1,2,11,85,8,1,132,3,72,8,8930300,20020.052168927956,99544.42731172545,10466,4196,0.04196,0.09535999999999999,0.90464,0.3223054545454545,0.6776945454545454,1.0,0.0,46880.12599,50029,1791.9322904274434,2.0,2,0.0,132.0,132,0.0,
0.1,1,62,13,30,5,1,2,11,85,8,1,132,3,72,8,8389500,19805.69888616198,110013.75053609721,10594,4197,0.04197,0.09561846153846153,0.9043815384615385,0.32217000000000007,0.67783,1.0,0.0,53223.96806000001,56427,1843.3501143676667,2.0,2,0.0,132.0,132,0.0,
0.1,1,62,13,30,5,1,2,11,85,8,1,132,3,72,8,9334700,20294.751183231914,71554.39914265301,10353,4199,0.04199,0.09568461538461538,0.9043153846153846,0.3228254545454545,0.6771745454545455,1.0,0.0,59472.80588,62581,1792.604562082165,2.0,2,0.0,132.0,132,0.0,
0.1,1,62,13,30,5,1,2,11,105,8,1,132,3,72,8,1558606543526100,21487.140757109915,29302.381156316915,10408,4203,0.04203,0.0994169230769231,0.88877,0.4129918181818182,0.5847981818181819,0.9984066666666666,0.0,2892.3934,6044,1780.5307624459733,1.98399,2,0.1754812807680635,130.20382,132,12.984715530484204,
0.1,1,62,13,30,5,1,2,11,105,8,1,132,3,72,8,10006500,20233.19185092208,88763.58210023867,10357,4190,0.0419,0.09523615384615385,0.9047638461538461,0.3981390909090909,0.6018609090909091,1.0,0.0,9123.029349999999,12211,1754.4820240311935,2.0,2,0.0,132.0,132,0.0,
0.1,1,62,13,30,5,1,2,11,105,8,1,132,3,72,8,9265900,19782.62571778217,101278.87547619047,10623,4200,0.042,0.09547846153846154,0.9045215384615385,0.3984772727272727,0.6015227272727273,1.0,0.0,15418.463399999999,18634,1833.8054776285508,2.0,2,0.0,132.0,132,0.0,
0.1,1,62,13,30,5,1,2,11,105,8,1,132,3,72,8,8178300,20074.590861092445,108523.01003104848,10417,4187,0.04187,0.09497461538461538,0.9050253846153846,0.3975409090909091,0.6024590909090909,1.0,0.0,21702.722960000003,24864,1773.7511019612405,2.0,2,0.0,132.0,132,0.0,
0.1,1,62,13,30,5,1,2,11,105,8,1,132,3,72,8,8780700,20114.439444710388,73196.24035254883,10445,4198,0.04198,0.09513461538461539,0.9048653846153846,0.39893454545454543,0.6010654545454546,1.0,0.0,28002.85745,31112,1807.1425991519056,2.0,2,0.0,132.0,132,0.0,
0.1,1,62,13,30,5,1,2,11,105,8,1,132,3,72,8,11514900,19687.032916392363,128259.6108856529,10633,4189,0.04189,0.0954923076923077,0.9045076923076922,0.3984818181818182,0.6015181818181818,1.0,0.0,34299.542910000004,37556,1872.2446703084279,2.0,2,0.0,132.0,132,0.0,
0.1,1,62,13,30,5,1,2,11,105,8,1,132,3,72,8,9140400,19914.851324409,88379.74511672225,10533,4198,0.04198,0.09507846153846154,0.9049215384615384,0.39899727272727276,0.6010027272727272,1.0,0.0,40673.207089999996,43892,1825.477793823868,2.0,2,0.0,132.0,132,0.0,
0.1,1,62,13,30,5,1,2,11,105,8,1,132,3,72,8,9220100,20058.516206138254,100962.51966626936,10459,4195,0.04195,0.09513769230769231,0.9048623076923078,0.3979863636363636,0.6020136363636364,1.0,0.0,47042.20581,50154,1809.174064398684,2.0,2,0.0,132.0,132,0.0,
0.1,1,62,13,30,5,1,2,11,105,8,1,132,3,72,8,8522500,19710.510034862906,108516.52030578117,10613,4186,0.04186,0.09514846153846154,0.9048515384615384,0.39767727272727277,0.6023227272727273,1.0,0.0,53305.48259,56581,1890.0883222000325,2.0,2,0.0,132.0,132,0.0,
0.1,1,62,13,30,5,1,2,11,105,8,1,132,3,72,8,8394300,19912.193692409994,71538.33127082342,10527,4202,0.04202,0.0953553846153846,0.9046446153846154,0.3988145454545455,0.6011854545454546,1.0,0.0,59730.94132,62906,1831.2592644180459,2.0,2,0.0,132.0,132,0.0,
0.1,1,62,13,30,5,1,2,11,125,8,1,132,3,72,8,1558606636302100,21225.828424852745,29829.548056284282,10526,4193,0.04193,0.09851153846153846,0.8961123076923078,0.4907218181818182,0.5078781818181818,0.9977466666666667,0.0,2989.9328800000003,6172,1831.2150148289259,1.99379,2,0.11032423079269589,129.83847,132,14.089959476843827,
0.1,1,62,13,30,5,1,2,11,125,8,1,132,3,72,8,9162300,20202.163687043445,89791.31428571428,10404,4200,0.042,0.0955523076923077,0.9044476923076924,0.47615,0.5238499999999999,1.0,0.0,9271.78218,12376,1784.5295454361196,2.0,2,0.0,132.0,132,0.0,
0.1,1,62,13,30,5,1,2,11,125,8,1,132,3,72,8,8147200,20680.74025590551,99639.58182683159,10160,4204,0.04204,0.09545769230769231,0.9045423076923077,0.4752609090909091,0.524739090909091,1.0,0.0,15333.40329,18334,1700.6213533315338,2.0,2,0.0,132.0,132,0.0,
0.1,1,62,13,30,5,1,2,11,125,8,1,132,3,72,8,8822800,19800.079248134505,109980.49820959657,10587,4189,0.04189,0.09486153846153847,0.9051384615384616,0.47427545454545456,0.5257245454545455,1.0,0.0,21572.81285,24731,1843.036330967189,2.0,2,0.0,132.0,132,0.0,
0.1,1,62,13,30,5,1,2,11,125,8,1,132,3,72,8,8248900,19973.88717509283,70944.73921334922,10503,4195,0.04195,0.09507076923076922,0.9049292307692307,0.47581363636363627,0.5241863636363636,1.0,0.0,27901.07817,31039,1802.0737129261206,2.0,2,0.0,132.0,132,0.0,
0.1,1,62,13,30,5,1,2,11,125,8,1,132,3,72,8,8915500,19943.79220284053,128728.11849020545,10491,4186,0.04186,0.09543923076923076,0.9045607692307692,0.4736981818181819,0.5263018181818182,1.0,0.0,34220.86851,37346,1837.6651441708673,2.0,2,0.0,132.0,132,0.0,
0.1,1,62,13,30,5,1,2,11,125,8,1,132,3,72,8,8232800,20090.571169451076,87009.39205896339,10475,4206,0.04206,0.0954623076923077,0.9045376923076923,0.47538909090909093,0.5246109090909091,1.0,0.0,40513.48824,43612,1803.1206448770483,2.0,2,0.0,132.0,132,0.0,
0.1,1,62,13,30,5,1,2,11,125,8,1,132,3,72,8,9149700,20073.84925487199,105914.57729755403,10468,4211,0.04211,0.09522692307692308,0.904773076923077,0.47663999999999995,0.5233599999999999,1.0,0.0,46726.037540000005,49870,1812.2958561587898,2.0,2,0.0,132.0,132,0.0,
0.1,1,62,13,30,5,1,2,11,125,8,1,132,3,72,8,7969700,20345.854003291704,106837.24940504522,10329,4202,0.04202,0.09521461538461538,0.9047853846153846,0.4749463636363636,0.5250536363636363,1.0,0.0,52904.8661,55998,1751.4022007269448,2.0,2,0.0,132.0,132,0.0,
0.1,1,62,13,30,5,1,2,11,125,8,1,132,3,72,8,8376700,19990.90884004187,74701.67430207587,10509,4191,0.04191,0.09521,0.9047900000000001,0.4749163636363637,0.5250836363636364,1.0,0.0,59166.75003,62315,1815.5702431040347,2.0,2,0.0,132.0,132,0.0,
0.1,1,62,13,30,5,1,2,11,145,8,1,132,3,72,8,1558606723081700,21210.196666666667,29459.876044900884,10500,4187,0.04187,0.09842384615384617,0.8948576923076923,0.56901,0.4298690909090909,0.9981733333333332,0.0,2941.14114,6152,1813.2305894671804,1.99128,2,0.12807795126406424,129.15221,132,15.900135915013454,
0.1,1,62,13,30,5,1,2,11,145,8,1,132,3,72,8,8293100,19956.62780952381,89211.05404761905,10500,4200,0.042,0.0952123076923077,0.9047876923076923,0.5508518181818182,0.4491481818181819,1.0,0.0,9275.58317,12452,1804.6858088494919,2.0,2,0.0,132.0,132,0.0,
0.1,1,62,13,30,5,1,2,11,145,8,1,132,3,72,8,8918100,19860.9098903177,99871.65029797379,10576,4195,0.04195,0.09488846153846155,0.9051115384615384,0.5514872727272726,0.44851272727272734,1.0,0.0,15663.10311,18833,1832.8741189504328,2.0,2,0.0,132.0,132,0.0,
0.1,1,62,13,30,5,1,2,11,145,8,1,132,3,72,8,10881500,19888.630622919638,109887.67065295384,10515,4181,0.04181,0.0949176923076923,0.9050823076923076,0.5492254545454545,0.4507745454545455,1.0,0.0,22044.09977,25168,1827.4273285895508,2.0,2,0.0,132.0,132,0.0,
0.1,1,62,13,30,5,1,2,11,145,8,1,132,3,72,8,9518100,19937.078664510605,69990.53638749702,10513,4191,0.04191,0.09506615384615384,0.9049338461538462,0.5496972727272726,0.4503027272727273,1.0,0.0,28351.69094,31490,1818.3484882612472,2.0,2,0.0,132.0,132,0.0,
0.1,1,62,13,30,5,1,2,11,145,8,1,132,3,72,8,10455300,19996.644955178333,129873.2233079123,10486,4196,0.04196,0.09572692307692307,0.9042730769230769,0.5507654545454547,0.44923454545454544,1.0,0.0,34619.120169999995,37780,1796.6550101701457,2.0,2,0.0,132.0,132,0.0,
0.1,1,62,13,30,5,1,2,11,145,8,1,132,3,72,8,8579300,19851.288708459215,90929.32031436056,10592,4199,0.04199,0.0948953846153846,0.9051046153846154,0.5519518181818183,0.44804818181818185,1.0,0.0,40965.4199,44173,1841.446435681444,2.0,2,0.0,132.0,132,0.0,
0.1,1,62,13,30,5,1,2,11,145,8,1,132,3,72,8,8510400,20281.34868230524,98511.53201618663,10359,4201,0.04201,0.0955176923076923,0.9044823076923076,0.5523399999999999,0.44766,1.0,0.0,47244.67302,50330,1754.4323180459398,2.0,2,0.0,132.0,132,0.0,
0.1,1,62,13,30,5,1,2,11,145,8,1,132,3,72,8,8868700,20018.618624641833,111655.50393325387,10470,4195,0.04195,0.09499461538461537,0.9050053846153846,0.5514136363636364,0.4485863636363636,1.0,0.0,53475.03355,56606,1793.5452657696337,2.0,2,0.0,132.0,132,0.0,
0.1,1,62,13,30,5,1,2,11,145,8,1,132,3,72,8,10004000,20509.201707891636,71643.39995218742,10188,4183,0.04183,0.09499692307692308,0.9050030769230768,0.5492154545454545,0.4507845454545455,1.0,0.0,59618.689099999996,62610,1713.3905954457582,2.0,2,0.0,132.0,132,0.0,
0.1,1,62,13,30,5,1,2,11,165,8,1,132,3,72,8,1558606817039500,21208.715219863534,30435.24357142857,10552,4200,0.042,0.09867538461538462,0.8996630769230769,0.6500754545454545,0.34900909090909094,0.9977266666666665,0.0,3030.31031,6191,1804.838854418229,1.9972699999999999,2,0.07322941417218033,128.21945,132,18.0645839060163,
0.1,1,62,13,30,5,1,2,11,165,8,1,132,3,72,8,9018500,20024.44546410477,90034.27457061068,10461,4192,0.04192,0.09491538461538461,0.9050846153846154,0.6270227272727272,0.37297727272727277,1.0,0.0,9315.70377,12460,1825.17533930244,2.0,2,0.0,132.0,132,0.0,
0.1,1,62,13,30,5,1,2,11,165,8,1,132,3,72,8,8674600,19897.949268478053,98977.78707677635,10526,4194,0.04194,0.09527076923076924,0.9047292307692308,0.6269218181818182,0.3730781818181818,1.0,0.0,15594.41684,18792,1842.4870109893402,2.0,2,0.0,132.0,132,0.0,
0.1,1,62,13,30,5,1,2,11,165,8,1,132,3,72,8,8185100,19846.901421800947,110282.76432664756,10550,4188,0.04188,0.09552307692307692,0.9044769230769231,0.62629,0.37371,1.0,0.0,21990.17558,25155,1817.1837893101763,2.0,2,0.0,132.0,132,0.0,
0.1,1,62,13,30,5,1,2,11,165,8,1,132,3,72,8,8270500,19907.130401747556,70462.00835122883,10529,4191,0.04191,0.09535230769230771,0.9046476923076923,0.6265609090909089,0.3734390909090909,1.0,0.0,28327.84059,31492,1788.6927113225343,2.0,2,0.0,132.0,132,0.0,
0.1,1,62,13,30,5,1,2,11,165,8,1,132,3,72,8,8648800,20191.581305894797,129068.86122351821,10399,4201,0.04201,0.09534153846153845,0.9046584615384615,0.6293090909090909,0.3706909090909091,1.0,0.0,34509.37775,37690,1797.7254767720012,2.0,2,0.0,132.0,132,0.0,
0.1,1,62,13,30,5,1,2,11,165,8,1,132,3,72,8,8315500,20186.561839830996,90180.43706876041,10414,4203,0.04203,0.09541384615384615,0.9045861538461538,0.6285863636363636,0.37141363636363633,1.0,0.0,40763.5562,43901,1796.8378655799004,2.0,2,0.0,132.0,132,0.0,
0.1,1,62,13,30,5,1,2,11,165,8,1,132,3,72,8,8514500,19977.900943845932,99355.08261700095,10489,4188,0.04188,0.09517461538461539,0.9048253846153845,0.6254372727272727,0.37456272727272727,1.0,0.0,47064.52326,50203,1832.572717929371,2.0,2,0.0,132.0,132,0.0,
0.1,1,62,13,30,5,1,2,11,165,8,1,132,3,72,8,8872600,19944.4571401389,110989.67454068242,10511,4191,0.04191,0.09518384615384615,0.9048161538461539,0.6267054545454546,0.37329454545454543,1.0,0.0,53306.74801,56523,1833.1515547959734,2.0,2,0.0,132.0,132,0.0,
0.1,1,62,13,30,5,1,2,11,165,8,1,132,3,72,8,8968700,20071.810011485453,71103.77113598476,10448,4199,0.04199,0.09570538461538461,0.9042946153846153,0.6279618181818183,0.3720381818181819,1.0,0.0,59674.80006,62772,1782.6155977449907,2.0,2,0.0,132.0,132,0.0,
0.1,1,62,13,30,5,1,2,11,185,8,1,132,3,72,8,1558606904262000,20993.8145745181,30350.287419431847,10635,4189,0.04189,0.09874692307692307,0.8992776923076924,0.7264618181818182,0.2727636363636364,0.9977033333333334,0.0,3054.34628,6285,1845.1405997078273,1.9968,2,0.0786750278042548,126.97971,132,20.52542078291945,
0.1,1,62,13,30,5,1,2,11,185,8,1,132,3,72,8,8583200,19835.834435209672,90292.23162901308,10588,4205,0.04205,0.09563769230769231,0.9043623076923077,0.7049618181818182,0.2950381818181818,1.0,0.0,9519.112860000001,12668,1854.8959967293583,2.0,2,0.0,132.0,132,0.0,
0.1,1,62,13,30,5,1,2,11,185,8,1,132,3,72,8,8484000,19759.968390262315,98004.71728748806,10598,4188,0.04188,0.09510153846153847,0.9048984615384617,0.7038763636363635,0.29612363636363637,1.0,0.0,15881.424040000002,19079,1840.689729109723,2.0,2,0.0,132.0,132,0.0,
0.1,1,62,13,30,5,1,2,11,185,8,1,132,3,72,8,9917800,19894.72280235428,112187.580629771,10534,4192,0.04192,0.09556846153846153,0.9044315384615385,0.70239,0.29761,1.0,0.0,22263.27552,25420,1836.1799155444357,2.0,2,0.0,132.0,132,0.0,
0.1,1,62,13,30,5,1,2,11,185,8,1,132,3,72,8,8180900,20048.648545541248,72637.56224708403,10485,4201,0.04201,0.09571461538461537,0.9042853846153847,0.7049236363636363,0.29507636363636364,1.0,0.0,28592.899670000003,31704,1792.504260894135,2.0,2,0.0,132.0,132,0.0,
0.1,1,62,13,30,5,1,2,11,185,8,1,132,3,72,8,9048400,20128.013740751416,126848.75023832222,10407,4196,0.04196,0.09535384615384615,0.9046461538461539,0.703679090909091,0.2963209090909091,1.0,0.0,34764.80214,37915,1810.9193217289865,2.0,2,0.0,132.0,132,0.0,
0.1,1,62,13,30,5,1,2,11,185,8,1,132,3,72,8,8586100,19990.822207345063,93000.84066985646,10456,4180,0.0418,0.09488999999999999,0.90511,0.7010081818181818,0.29899181818181814,1.0,0.0,40978.72471,44191,1822.8281817343875,2.0,2,0.0,132.0,132,0.0,
0.1,1,62,13,30,5,1,2,11,185,8,1,132,3,72,8,10138300,20044.98058530987,94786.65974707706,10456,4191,0.04191,0.0949276923076923,0.9050723076923077,0.7033472727272727,0.2966527272727273,1.0,0.0,47353.818909999995,50456,1811.976854856909,2.0,2,0.0,132.0,132,0.0,
0.1,1,62,13,30,5,1,2,11,185,8,1,132,3,72,8,10142100,19709.27597555242,113495.61723399191,10635,4201,0.04201,0.09575,0.90425,0.7036881818181818,0.2963118181818182,1.0,0.0,53646.02705,56891,1852.4627906812732,2.0,2,0.0,132.0,132,0.0,
0.1,1,62,13,30,5,1,2,11,185,8,1,132,3,72,8,11553300,19686.381028335523,74044.75232641374,10658,4191,0.04191,0.09518307692307691,0.9048169230769231,0.7031618181818181,0.2968381818181818,1.0,0.0,60117.91781,63357,1870.0993804273176,2.0,2,0.0,132.0,132,0.0,
0.1,1,62,13,30,5,1,2,16,5,8,1,132,3,72,8,1558606999949500,21178.487519054877,29386.685277976616,10496,4191,0.04191,0.09874615384615387,0.8815684615384616,0.019251875000000005,0.9580299999999998,0.9996033333333334,0.0,2967.03984,6141,1837.8004545795425,1.95032,2,0.3110496706315567,130.48624,132,11.658932655367732,
0.1,1,62,13,30,5,1,2,16,5,8,1,132,3,72,8,11006500,19986.9286121673,89809.57619047619,10520,4200,0.042,0.09561923076923076,0.9043807692307693,0.0186825,0.9813175000000001,1.0,0.0,9279.959630000001,12460,1811.784969034747,2.0,2,0.0,132.0,132,0.0,
0.1,1,62,13,30,5,1,2,16,5,8,1,132,3,72,8,8786800,20100.208520393542,100308.38883610451,10469,4210,0.0421,0.09554769230769232,0.9044523076923077,0.018650000000000003,0.98135,1.0,0.0,15609.268549999999,18718,1791.1739789788603,2.0,2,0.0,132.0,132,0.0,
0.1,1,62,13,30,5,1,2,16,5,8,1,132,3,72,8,9126700,19626.26925596631,109496.60675225868,10685,4206,0.04206,0.09573076923076923,0.9042692307692307,0.018596875,0.9814031249999999,1.0,0.0,21926.82248,25197,1873.6623000174482,2.0,2,0.0,132.0,132,0.0,
0.1,1,62,13,30,5,1,2,16,5,8,1,132,3,72,8,8856000,19669.84133983862,69679.25733365133,10658,4193,0.04193,0.09501538461538463,0.9049846153846155,0.018793749999999998,0.9812062500000001,1.0,0.0,28466.81542,31662,1872.485833209488,2.0,2,0.0,132.0,132,0.0,
0.1,1,62,13,30,5,1,2,16,5,8,1,132,3,72,8,9516800,20063.965639018803,130116.9790725327,10477,4205,0.04205,0.0954253846153846,0.9045746153846154,0.019025,0.980975,1.0,0.0,34802.99914,37934,1797.9995697383504,2.0,2,0.0,132.0,132,0.0,
0.1,1,62,13,30,5,1,2,16,5,8,1,132,3,72,8,8904400,20019.763102524867,89778.51275936083,10456,4193,0.04193,0.09494923076923077,0.9050507692307692,0.01861375,0.98138625,1.0,0.0,40993.97786,44199,1796.746451136111,2.0,2,0.0,132.0,132,0.0,
0.1,1,62,13,30,5,1,2,16,5,8,1,132,3,72,8,9146300,20140.556643625194,100544.75743870507,10416,4201,0.04201,0.09558923076923077,0.9044107692307691,0.0183875,0.9816125,1.0,0.0,47297.27345,50412,1760.9689531037286,2.0,2,0.0,132.0,132,0.0,
0.1,1,62,13,30,5,1,2,16,5,8,1,132,3,72,8,9195200,19745.31760709568,109854.53643966548,10598,4185,0.04185,0.09474846153846153,0.9052515384615385,0.018838749999999998,0.98116125,1.0,0.0,53628.06035,56825,1856.9241275043287,2.0,2,0.0,132.0,132,0.0,
0.1,1,62,13,30,5,1,2,16,5,8,1,132,3,72,8,8248700,20128.91494274993,71001.26389883083,10393,4191,0.04191,0.09531461538461539,0.9046853846153845,0.018235625,0.981764375,1.0,0.0,59901.75525,63028,1775.6029883188867,2.0,2,0.0,132.0,132,0.0,
0.1,1,62,13,30,5,1,2,16,25,8,1,132,3,72,8,1558607091724900,21587.749343704425,28817.165790731007,10285,4186,0.04186,0.09922153846153849,0.8806507692307695,0.06628062500000004,0.913340625,0.99941,0.0,2804.51257,5934,1750.3627923839094,1.9499499999999999,2,0.3123859751973522,130.40832,132,11.993738148617181,
0.1,1,62,13,30,5,1,2,16,25,8,1,132,3,72,8,8976800,19839.121125959624,87482.83070678129,10551,4188,0.04188,0.0952123076923077,0.9047876923076923,0.06457,0.93543,1.0,0.0,9087.736009999999,12296,1830.5358960914414,2.0,2,0.0,132.0,132,0.0,
0.1,1,62,13,30,5,1,2,16,25,8,1,132,3,72,8,8259400,20281.72442084942,102949.32667142517,10360,4203,0.04203,0.0953123076923077,0.9046876923076923,0.064430625,0.935569375,1.0,0.0,15307.811599999999,18454,1778.2222700679063,2.0,2,0.0,132.0,132,0.0,
0.1,1,62,13,30,5,1,2,16,25,8,1,132,3,72,8,8884900,20199.605667627282,108071.28574833175,10410,4196,0.04196,0.09531923076923077,0.9046807692307692,0.064025625,0.935974375,1.0,0.0,21530.5998,24670,1800.5913890330476,2.0,2,0.0,132.0,132,0.0,
0.1,1,62,13,30,5,1,2,16,25,8,1,132,3,72,8,8664900,19830.26992239258,71667.09973753282,10566,4191,0.04191,0.09553230769230768,0.9044676923076923,0.063846875,0.936153125,1.0,0.0,27892.38194,31043,1858.9544412765479,2.0,2,0.0,132.0,132,0.0,
0.1,1,62,13,30,5,1,2,16,25,8,1,132,3,72,8,9365000,20002.378711217185,127832.48350071735,10475,4182,0.04182,0.09489846153846153,0.9051015384615385,0.063931875,0.936068125,1.0,0.0,34185.95251,37335,1831.1616295932536,2.0,2,0.0,132.0,132,0.0,
0.1,1,62,13,30,5,1,2,16,25,8,1,132,3,72,8,9505400,20219.193214491086,87037.49940659862,10434,4213,0.04213,0.09533384615384616,0.9046661538461538,0.064681875,0.935318125,1.0,0.0,40429.206470000005,43557,1784.5552491138371,2.0,2,0.0,132.0,132,0.0,
0.1,1,62,13,30,5,1,2,16,25,8,1,132,3,72,8,8858900,19719.662709628792,103690.13495469719,10614,4194,0.04194,0.09512153846153847,0.9048784615384615,0.06397125000000001,0.93602875,1.0,0.0,46786.8063,49976,1847.1885709641692,2.0,2,0.0,132.0,132,0.0,
0.1,1,62,13,30,5,1,2,16,25,8,1,132,3,72,8,8622700,20216.021569571498,106429.42,10385,4200,0.042,0.09517692307692308,0.9048230769230768,0.06429875,0.93570125,1.0,0.0,53057.83648,56161,1791.9353892373897,2.0,2,0.0,132.0,132,0.0,
0.1,1,62,13,30,5,1,2,16,25,8,1,132,3,72,8,8716000,20002.37220796502,75345.0142551675,10521,4209,0.04209,0.09538384615384615,0.9046161538461539,0.064305,0.9356949999999999,1.0,0.0,59293.864050000004,62473,1847.5490800050059,2.0,2,0.0,132.0,132,0.0,
0.1,1,62,13,30,5,1,2,16,45,8,1,132,3,72,8,1558607180653700,21173.75854214123,29998.99166071003,10536,4197,0.04197,0.09910076923076921,0.8819823076923077,0.12116625000000002,0.8621075,0.99917,0.0,3006.17141,6174,1815.8762410716795,1.9526,2,0.3040941301636721,130.47907,132,11.978282929330865,
0.1,1,62,13,30,5,1,2,16,45,8,1,132,3,72,8,9076300,20054.50501384777,89993.93547619048,10471,4200,0.042,0.09588846153846155,0.9041115384615386,0.116951875,0.883048125,1.0,0.0,9373.93815,12444,1800.3424577186934,2.0,2,0.0,132.0,132,0.0,
0.1,1,62,13,30,5,1,2,16,45,8,1,132,3,72,8,9079200,20211.292915662652,99702.71275327771,10375,4195,0.04195,0.0948823076923077,0.9051176923076922,0.11738499999999999,0.882615,1.0,0.0,15570.653740000002,18624,1773.5237799657411,2.0,2,0.0,132.0,132,0.0,
0.1,1,62,13,30,5,1,2,16,45,8,1,132,3,72,8,8239500,20151.394589911437,111289.56018186169,10388,4179,0.04179,0.09510769230769231,0.9048923076923077,0.116310625,0.883689375,1.0,0.0,21698.44914,24833,1789.0366002944868,2.0,2,0.0,132.0,132,0.0,
0.1,1,62,13,30,5,1,2,16,45,8,1,132,3,72,8,8837400,19952.259245139154,70705.19082875567,10492,4187,0.04187,0.09482769230769231,0.9051723076923077,0.11586,0.8841399999999999,1.0,0.0,28024.09634,31139,1817.201787672086,2.0,2,0.0,132.0,132,0.0,
0.1,1,62,13,30,5,1,2,16,45,8,1,132,3,72,8,8510500,20000.97441038862,129894.77488660779,10473,4189,0.04189,0.09519615384615385,0.9048038461538461,0.116360625,0.883639375,1.0,0.0,34292.76085,37424,1817.93887140833,2.0,2,0.0,132.0,132,0.0,
0.1,1,62,13,30,5,1,2,16,45,8,1,132,3,72,8,9134500,19961.704056370214,90001.73473282442,10502,4192,0.04192,0.09487538461538461,0.9051246153846153,0.116558125,0.8834418749999999,1.0,0.0,40611.91357,43732,1833.589804291025,2.0,2,0.0,132.0,132,0.0,
0.1,1,62,13,30,5,1,2,16,45,8,1,132,3,72,8,8594300,20063.64119950339,101012.07088487154,10471,4204,0.04204,0.09520076923076924,0.9047992307692307,0.116685,0.883315,1.0,0.0,46879.48428999999,49999,1775.4133548651819,2.0,2,0.0,132.0,132,0.0,
0.1,1,62,13,30,5,1,2,16,45,8,1,132,3,72,8,9043200,19937.812689969604,108526.36058150619,10528,4196,0.04196,0.09511076923076923,0.9048892307692308,0.11629125,0.88370875,1.0,0.0,53163.80251,56332,1813.3792918547524,2.0,2,0.0,132.0,132,0.0,
0.1,1,62,13,30,5,1,2,16,45,8,1,132,3,72,8,8702100,19900.14323632572,72519.07811383663,10549,4199,0.04199,0.09549615384615384,0.9045038461538462,0.116570625,0.883429375,1.0,0.0,59485.732950000005,62683,1838.950241576421,2.0,2,0.0,132.0,132,0.0,
0.1,1,62,13,30,5,1,2,16,65,8,1,132,3,72,8,1558607269943800,21135.572634174096,29649.90854965468,10546,4199,0.04199,0.09870076923076922,0.880493846153846,0.17471625000000002,0.81063,0.9988833333333332,0.0,3001.65617,6182,1834.9819127748722,1.94781,2,0.3181606573729687,130.29774,132,12.695479151745094,
0.1,1,62,13,30,5,1,2,16,65,8,1,132,3,72,8,9801800,19961.033063363506,90217.37571564886,10495,4192,0.04192,0.09487384615384616,0.9051261538461538,0.16929,0.8307100000000001,1.0,0.0,9310.21002,12484,1800.9672466959476,2.0,2,0.0,132.0,132,0.0,
0.1,1,62,13,30,5,1,2,16,65,8,1,132,3,72,8,9262800,19920.843544545023,99269.25035799523,10495,4190,0.0419,0.09522,0.90478,0.168873125,0.831126875,1.0,0.0,15624.38874,18789,1809.8208808943482,2.0,2,0.0,132.0,132,0.0,
0.1,1,62,13,30,5,1,2,16,65,8,1,132,3,72,8,8841400,19909.21187162738,110312.69285714286,10563,4200,0.042,0.09482230769230768,0.9051776923076923,0.1696025,0.8303975,1.0,0.0,21963.938639999997,25154,1840.021055448851,2.0,2,0.0,132.0,132,0.0,
0.1,1,62,13,30,5,1,2,16,65,8,1,132,3,72,8,9109300,19870.87431539188,69968.38349976225,10590,4206,0.04206,0.09535153846153846,0.9046484615384615,0.16983312499999997,0.830166875,1.0,0.0,28316.06135,31537,1856.0326330714386,2.0,2,0.0,132.0,132,0.0,
0.1,1,62,13,30,5,1,2,16,65,8,1,132,3,72,8,9139600,20112.230370512574,129528.03671912255,10418,4194,0.04194,0.09501692307692308,0.9049830769230769,0.16933125000000002,0.8306687500000001,1.0,0.0,34662.91175,37761,1773.406332063279,2.0,2,0.0,132.0,132,0.0,
0.1,1,62,13,30,5,1,2,16,65,8,1,132,3,72,8,9259000,19762.196093163035,90135.16357584404,10648,4206,0.04206,0.0956546153846154,0.9043453846153846,0.16954187499999998,0.830458125,1.0,0.0,40987.84344,44203,1863.6585038545352,2.0,2,0.0,132.0,132,0.0,
0.1,1,62,13,30,5,1,2,16,65,8,1,132,3,72,8,8847800,19776.75699697428,99385.07141151182,10576,4187,0.04187,0.0949776923076923,0.9050223076923077,0.168953125,0.831046875,1.0,0.0,47389.05147,50591,1855.0677428604097,2.0,2,0.0,132.0,132,0.0,
0.1,1,62,13,30,5,1,2,16,65,8,1,132,3,72,8,8346200,20303.26543868153,110487.33659818443,10315,4186,0.04186,0.09480692307692308,0.9051930769230769,0.16898125,0.83101875,1.0,0.0,53577.02721,56720,1762.5566969745184,2.0,2,0.0,132.0,132,0.0,
0.1,1,62,13,30,5,1,2,16,65,8,1,132,3,72,8,8673200,19953.021502320735,70870.31189176359,10557,4213,0.04213,0.09541153846153846,0.9045884615384616,0.16973625,0.8302637500000001,1.0,0.0,59907.271590000004,63064,1832.9569643469806,2.0,2,0.0,132.0,132,0.0,
0.1,1,62,13,30,5,1,2,16,85,8,1,132,3,72,8,1558607360760100,20730.80614239181,30442.32983293556,10745,4190,0.0419,0.09891153846153845,0.8825738461538462,0.2290225,0.76073375,0.9985400000000001,0.0,3117.13303,6389,1888.4085079328095,1.9543899999999998,2,0.2984455191488056,130.56826999999998,132,11.169837922150249,
0.1,1,62,13,30,5,1,2,16,85,8,1,132,3,72,8,9312300,19805.08974116758,91215.23157643691,10586,4193,0.04193,0.09521307692307693,0.9047869230769231,0.221724375,0.778275625,1.0,0.0,9530.70708,12782,1860.1141594799708,2.0,2,0.0,132.0,132,0.0,
0.1,1,62,13,30,5,1,2,16,85,8,1,132,3,72,8,8823600,20108.261311349692,96268.98045292015,10432,4195,0.04195,0.0952453846153846,0.9047546153846154,0.22201187499999997,0.777988125,1.0,0.0,15894.88246,19019,1800.0890977405363,2.0,2,0.0,132.0,132,0.0,
0.1,1,62,13,30,5,1,2,16,85,8,1,132,3,72,8,8698600,19896.835043709616,111883.22983293555,10524,4190,0.0419,0.09543384615384615,0.9045661538461539,0.220940625,0.779059375,1.0,0.0,22131.88679,25353,1828.590127774256,2.0,2,0.0,132.0,132,0.0,
0.1,1,62,13,30,5,1,2,16,85,8,1,132,3,72,8,8908500,19896.261201773417,72709.98338870432,10601,4214,0.04214,0.09528307692307693,0.9047169230769231,0.222364375,0.777635625,1.0,0.0,28531.3738,31740,1836.5488121565077,2.0,2,0.0,132.0,132,0.0,
0.1,1,62,13,30,5,1,2,16,85,8,1,132,3,72,8,8955400,19819.617477016396,125103.78948626046,10551,4185,0.04185,0.09485153846153846,0.9051484615384615,0.22096749999999998,0.7790325,1.0,0.0,34865.63314,38106,1848.0560396248543,2.0,2,0.0,132.0,132,0.0,
0.1,1,62,13,30,5,1,2,16,85,8,1,132,3,72,8,9315000,19889.166241376053,92810.1874554526,10581,4209,0.04209,0.09559,0.9044099999999999,0.22226812499999998,0.777731875,1.0,0.0,41254.3495,44479,1845.8074478043718,2.0,2,0.0,132.0,132,0.0,
0.1,1,62,13,30,5,1,2,16,85,8,1,132,3,72,8,8596800,19979.31915299504,95805.55001193602,10484,4189,0.04189,0.09491153846153845,0.9050884615384616,0.220665,0.779335,1.0,0.0,47621.91695,50774,1833.420744088256,2.0,2,0.0,132.0,132,0.0,
0.1,1,62,13,30,5,1,2,16,85,8,1,132,3,72,8,9011000,20130.810316776726,112276.1789023521,10449,4209,0.04209,0.09536384615384616,0.9046361538461538,0.22207937500000002,0.777920625,1.0,0.0,53867.67266,57013,1810.7656553482539,2.0,2,0.0,132.0,132,0.0,
0.1,1,62,13,30,5,1,2,16,85,8,1,132,3,72,8,8286500,20074.641047783534,72122.96678614098,10422,4185,0.04185,0.09484307692307693,0.9051569230769231,0.22112374999999998,0.7788762499999999,1.0,0.0,60166.71488000001,63250,1807.6807699883739,2.0,2,0.0,132.0,132,0.0,
0.1,1,62,13,30,5,1,2,16,105,8,1,132,3,72,8,1558607450282300,21243.746525794784,30122.53813155386,10506,4196,0.04196,0.09843307692307691,0.8842923076923079,0.28444312499999996,0.7093831249999999,0.9983766666666667,0.0,3014.2916099999998,6144,1813.623787970815,1.9622600000000001,2,0.27039913535364724,130.40178,132,12.58285948549052,
0.1,1,62,13,30,5,1,2,16,105,8,1,132,3,72,8,8572900,20170.69813676527,90106.1308589103,10412,4203,0.04203,0.09530461538461539,0.9046953846153846,0.274495625,0.725504375,1.0,0.0,9266.345360000001,12354,1773.9472454068243,2.0,2,0.0,132.0,132,0.0,
0.1,1,62,13,30,5,1,2,16,105,8,1,132,3,72,8,11537900,19849.134153263956,100213.96646848989,10570,4205,0.04205,0.09515615384615383,0.904843846153846,0.27477375,0.72522625,1.0,0.0,15535.42157,18720,1854.6116908260676,2.0,2,0.0,132.0,132,0.0,
0.1,1,62,13,30,5,1,2,16,105,8,1,132,3,72,8,8760500,20108.138915501055,109891.16758045292,10438,4195,0.04195,0.09496923076923076,0.9050307692307692,0.2740775,0.7259225,1.0,0.0,21888.85598,24962,1828.341014400284,2.0,2,0.0,132.0,132,0.0,
0.1,1,62,13,30,5,1,2,16,105,8,1,132,3,72,8,8440600,20297.10161931543,71318.40109759007,10313,4191,0.04191,0.09523076923076923,0.9047692307692308,0.27328,0.72672,1.0,0.0,28017.45417,31083,1762.596816058485,2.0,2,0.0,132.0,132,0.0,
0.1,1,62,13,30,5,1,2,16,105,8,1,132,3,72,8,8626600,20040.325616988714,129113.78573132904,10454,4191,0.04191,0.09497461538461538,0.9050253846153846,0.274103125,0.725896875,1.0,0.0,34193.54215,37346,1804.5604988704445,2.0,2,0.0,132.0,132,0.0,
0.1,1,62,13,30,5,1,2,16,105,8,1,132,3,72,8,8596300,20097.863692807336,89772.63359505116,10469,4203,0.04203,0.09556615384615386,0.9044338461538461,0.27449375000000004,0.72550625,1.0,0.0,40472.90881,43613,1783.595529551009,2.0,2,0.0,132.0,132,0.0,
0.1,1,62,13,30,5,1,2,16,105,8,1,132,3,72,8,8735000,19644.243617319742,100191.18127679848,10693,4198,0.04198,0.09565000000000001,0.9043500000000001,0.27405124999999997,0.7259487499999999,1.0,0.0,46874.139859999996,50107,1877.9916590547534,2.0,2,0.0,132.0,132,0.0,
0.1,1,62,13,30,5,1,2,16,105,8,1,132,3,72,8,8433400,19883.38000189197,110155.40442751726,10571,4201,0.04201,0.09539461538461538,0.9046053846153845,0.275078125,0.7249218749999999,1.0,0.0,53332.34417,56477,1852.2227383383824,2.0,2,0.0,132.0,132,0.0,
0.1,1,62,13,30,5,1,2,16,105,8,1,132,3,72,8,8330600,20019.395723966783,71720.26962538774,10477,4191,0.04191,0.09541846153846154,0.9045815384615385,0.27455625000000006,0.7254437499999999,1.0,0.0,59632.57706,62763,1800.542902988163,2.0,2,0.0,132.0,132,0.0,
0.1,1,62,13,30,5,1,2,16,125,8,1,132,3,72,8,1558607540066400,21085.332670077696,30434.18514094601,10554,4186,0.04186,0.09854153846153844,0.8863384615384615,0.33698437500000006,0.65975625,0.9983666666666666,0.0,3041.6041,6202,1816.0208145181568,1.9697300000000002,2,0.24061115331588287,130.5918,132,11.341181277097935,
0.1,1,62,13,30,5,1,2,16,125,8,1,132,3,72,8,10156300,20243.256776309445,90444.93543006909,10367,4197,0.04197,0.09560153846153846,0.9043984615384615,0.32728999999999997,0.67271,1.0,0.0,9242.60269,12372,1785.4726125076156,2.0,2,0.0,132.0,132,0.0,
0.1,1,62,13,30,5,1,2,16,125,8,1,132,3,72,8,8362900,19842.49660569489,99028.27691942001,10606,4207,0.04207,0.09514692307692307,0.9048530769230769,0.327325625,0.6726743749999999,1.0,0.0,15505.35549,18772,1851.065620305471,2.0,2,0.0,132.0,132,0.0,
0.1,1,62,13,30,5,1,2,16,125,8,1,132,3,72,8,8682000,19818.417076864826,109333.49844831703,10564,4189,0.04189,0.09452153846153846,0.9054784615384615,0.32544687499999997,0.674553125,1.0,0.0,21939.97628,25146,1843.2334540576787,2.0,2,0.0,132.0,132,0.0,
0.1,1,62,13,30,5,1,2,16,125,8,1,132,3,72,8,8381000,19794.31683822835,70865.2339055794,10589,4194,0.04194,0.09529307692307692,0.904706923076923,0.326415625,0.673584375,1.0,0.0,28322.72094,31541,1850.4414370699428,2.0,2,0.0,132.0,132,0.0,
0.1,1,62,13,30,5,1,2,16,125,8,1,132,3,72,8,9001800,19687.896189224703,128772.7439866635,10654,4199,0.04199,0.09518923076923078,0.9048107692307692,0.3267587500000001,0.67324125,1.0,0.0,34761.65764,37997,1861.6228793958264,2.0,2,0.0,132.0,132,0.0,
0.1,1,62,13,30,5,1,2,16,125,8,1,132,3,72,8,8659700,20038.830029684956,89289.31932171005,10443,4187,0.04187,0.09516692307692307,0.904833076923077,0.32624625,0.67375375,1.0,0.0,41125.528829999996,44252,1786.2989185041574,2.0,2,0.0,132.0,132,0.0,
0.1,1,62,13,30,5,1,2,16,125,8,1,132,3,72,8,9043000,20016.787021154945,98955.42523253041,10494,4193,0.04193,0.09483923076923076,0.9051607692307692,0.32657375000000005,0.67342625,1.0,0.0,47397.12612,50556,1800.2384867660885,2.0,2,0.0,132.0,132,0.0,
0.1,1,62,13,30,5,1,2,16,125,8,1,132,3,72,8,9292600,19656.521486207545,110621.97394214678,10658,4183,0.04183,0.09482461538461537,0.9051753846153846,0.3257725,0.6742275,1.0,0.0,53826.63246,57028,1881.086406642289,2.0,2,0.0,132.0,132,0.0,
0.1,1,62,13,30,5,1,2,16,125,8,1,132,3,72,8,8831400,20086.56330575332,71095.41315789474,10394,4180,0.0418,0.09458538461538463,0.9054146153846153,0.32509750000000004,0.6749025,1.0,0.0,60177.76523,63243,1797.9201714128862,2.0,2,0.0,132.0,132,0.0,
0.1,1,62,13,30,5,1,2,16,145,8,1,132,3,72,8,1558607630581700,21190.59280068565,29415.509794553273,10501,4186,0.04186,0.09884999999999998,0.8735123076923078,0.390868125,0.600935,0.9981133333333333,0.0,2964.81846,6150,1839.467825585223,1.94082,2,0.3359430421961434,129.63546,132,14.988223063071917,
0.1,1,62,13,30,5,1,2,16,145,8,1,132,3,72,8,8986000,20309.84639195202,89946.21675817618,10338,4189,0.04189,0.09517384615384615,0.904826153846154,0.3786775,0.6213225,1.0,0.0,9251.15798,12299,1776.0450322844595,2.0,2,0.0,132.0,132,0.0,
0.1,1,62,13,30,5,1,2,16,145,8,1,132,3,72,8,8689400,20413.727776697142,99755.88605482718,10282,4195,0.04195,0.09534461538461537,0.9046553846153846,0.37852624999999995,0.62147375,1.0,0.0,15389.69664,18385,1753.3919310333017,2.0,2,0.0,132.0,132,0.0,
0.1,1,62,13,30,5,1,2,16,145,8,1,132,3,72,8,8336000,20175.15631897131,109874.03165159447,10421,4202,0.04202,0.09542076923076924,0.9045792307692307,0.3793174999999999,0.6206825,1.0,0.0,21506.63189,24605,1803.610673799918,2.0,2,0.0,132.0,132,0.0,
0.1,1,62,13,30,5,1,2,16,145,8,1,132,3,72,8,8433600,20120.827579593402,72575.05265665952,10428,4197,0.04197,0.09502461538461539,0.9049753846153846,0.3790787500000001,0.62092125,1.0,0.0,27742.21814,30835,1814.707290191696,2.0,2,0.0,132.0,132,0.0,
0.1,1,62,13,30,5,1,2,16,145,8,1,132,3,72,8,8761700,20145.065427722962,128751.79237187127,10439,4195,0.04195,0.09538923076923077,0.9046107692307692,0.37879874999999996,0.6212012499999999,1.0,0.0,33953.277389999996,37081,1782.8884968794032,2.0,2,0.0,132.0,132,0.0,
0.1,1,62,13,30,5,1,2,16,145,8,1,132,3,72,8,9343000,19912.71356496906,87926.1788443171,10505,4188,0.04188,0.09505923076923077,0.9049407692307692,0.378054375,0.621945625,1.0,0.0,40205.68312,43396,1827.3430537222735,2.0,2,0.0,132.0,132,0.0,
0.1,1,62,13,30,5,1,2,16,145,8,1,132,3,72,8,8463600,20047.3631840796,104805.77719590574,10452,4201,0.04201,0.09560153846153846,0.9043984615384615,0.37963187500000006,0.6203681249999999,1.0,0.0,46522.75649,49647,1792.6209897502595,2.0,2,0.0,132.0,132,0.0,
0.1,1,62,13,30,5,1,2,16,145,8,1,132,3,72,8,8351700,19862.189084005695,106661.88795986622,10535,4186,0.04186,0.09534384615384615,0.9046561538461538,0.37813375,0.6218662500000001,1.0,0.0,52849.48868,55996,1829.1146109173922,2.0,2,0.0,132.0,132,0.0,
0.1,1,62,13,30,5,1,2,16,145,8,1,132,3,72,8,8455300,19567.203298239077,76079.11648404002,10733,4198,0.04198,0.09524153846153846,0.9047584615384616,0.379035,0.620965,1.0,0.0,59270.84088,62533,1890.4572481071132,2.0,2,0.0,132.0,132,0.0,
0.1,1,62,13,30,5,1,2,16,165,8,1,132,3,72,8,1558607717394100,21280.533199961894,30412.203964652497,10497,4187,0.04187,0.09882538461538462,0.8978976923076925,0.4456712500000001,0.553414375,0.9978166666666667,0.0,3010.11601,6144,1800.4663823386645,1.9953100000000001,2,0.09627047262790127,130.19895,132,12.864546198661632,
0.1,1,62,13,30,5,1,2,16,165,8,1,132,3,72,8,8479900,20157.691449456575,89933.36688931298,10397,4192,0.04192,0.09446230769230769,0.9055376923076922,0.43130999999999997,0.56869,1.0,0.0,9242.70248,12349,1788.545180536921,2.0,2,0.0,132.0,132,0.0,
0.1,1,62,13,30,5,1,2,16,165,8,1,132,3,72,8,8679700,19920.65921576056,100065.79933428435,10558,4206,0.04206,0.09556615384615386,0.9044338461538461,0.4321575,0.5678425,1.0,0.0,15524.05968,18703,1843.9381825588096,2.0,2,0.0,132.0,132,0.0,
0.1,1,62,13,30,5,1,2,16,165,8,1,132,3,72,8,8457200,19785.697715950748,109448.63456966239,10639,4206,0.04206,0.09551692307692307,0.9044830769230768,0.4324725,0.5675275,1.0,0.0,21878.51571,25134,1858.7334948435123,2.0,2,0.0,132.0,132,0.0,
0.1,1,62,13,30,5,1,2,16,165,8,1,132,3,72,8,9031000,20034.174456314384,71757.5130952381,10484,4200,0.042,0.09506923076923077,0.9049307692307692,0.431684375,0.568315625,1.0,0.0,28294.28558,31418,1799.78263485456,2.0,2,0.0,132.0,132,0.0,
0.1,1,62,13,30,5,1,2,16,165,8,1,132,3,72,8,9096900,20004.585819117507,128842.10700667302,10493,4196,0.04196,0.09503692307692309,0.904963076923077,0.43187624999999996,0.56812375,1.0,0.0,34627.24379,37715,1801.3438780799963,2.0,2,0.0,132.0,132,0.0,
0.1,1,62,13,30,5,1,2,16,165,8,1,132,3,72,8,9706400,20017.834095238097,89408.78916092227,10500,4207,0.04207,0.09601076923076923,0.9039892307692308,0.432171875,0.567828125,1.0,0.0,40856.5473,44008,1800.7273242339766,2.0,2,0.0,132.0,132,0.0,
0.1,1,62,13,30,5,1,2,16,165,8,1,132,3,72,8,9615900,20100.366740193727,100742.43197522039,10427,4197,0.04197,0.09532615384615385,0.9046738461538463,0.43152937499999994,0.568470625,1.0,0.0,47090.29129,50239,1802.0550693028931,2.0,2,0.0,132.0,132,0.0,
0.1,1,62,13,30,5,1,2,16,165,8,1,132,3,72,8,9272400,19946.832134065517,109296.61560418649,10562,4204,0.04204,0.09579384615384615,0.9042061538461539,0.4324075,0.5675924999999999,1.0,0.0,53429.60206,56596,1830.6645821842296,2.0,2,0.0,132.0,132,0.0,
0.1,1,62,13,30,5,1,2,16,165,8,1,132,3,72,8,8978800,19731.29639393654,70180.01930870084,10621,4195,0.04195,0.09534615384615384,0.9046538461538461,0.4311881249999999,0.568811875,1.0,0.0,59781.33062,63023,1833.2930874659455,2.0,2,0.0,132.0,132,0.0,
0.1,1,62,13,30,5,1,2,16,185,8,1,132,3,72,8,1558607807524700,21272.685268498135,29360.770943034946,10447,4178,0.04178,0.09842384615384615,0.8990699999999999,0.498793125,0.5001250000000002,0.9977733333333334,0.0,2905.90303,6104,1799.7384434152702,1.99418,2,0.10689306619233828,129.76048,132,14.285282292261572,
0.1,1,62,13,30,5,1,2,16,185,8,1,132,3,72,8,8488900,19693.938005644402,88951.55409601146,10630,4187,0.04187,0.09516153846153846,0.9048384615384616,0.48267562500000005,0.5173243750000001,1.0,0.0,9306.3618,12547,1865.1819011883908,2.0,2,0.0,132.0,132,0.0,
0.1,1,62,13,30,5,1,2,16,185,8,1,132,3,72,8,8432700,19801.907952941176,100221.80774714828,10625,4208,0.04208,0.09567769230769231,0.9043223076923077,0.485256875,0.514743125,1.0,0.0,15716.79537,18963,1841.3172479006882,2.0,2,0.0,132.0,132,0.0,
0.1,1,62,13,30,5,1,2,16,185,8,1,132,3,72,8,8938200,19902.05760652937,110186.10739856801,10537,4190,0.0419,0.09527307692307693,0.904726923076923,0.48270812499999993,0.517291875,1.0,0.0,22175.42058,25312,1834.0306233300332,2.0,2,0.0,132.0,132,0.0,
0.1,1,62,13,30,5,1,2,16,185,8,1,132,3,72,8,8624000,20066.562219033956,70385.46476190476,10455,4200,0.042,0.09535923076923075,0.9046407692307692,0.48426812500000005,0.515731875,1.0,0.0,28420.29208,31565,1813.1241568820813,2.0,2,0.0,132.0,132,0.0,
0.1,1,62,13,30,5,1,2,16,185,8,1,132,3,72,8,9087300,20145.711722947046,128721.09036719122,10424,4194,0.04194,0.09497923076923076,0.9050207692307694,0.48355750000000003,0.5164425,1.0,0.0,34652.172009999995,37795,1794.1166577909003,2.0,2,0.0,132.0,132,0.0,
0.1,1,62,13,30,5,1,2,16,185,8,1,132,3,72,8,8993900,19722.13797647059,91109.58635496184,10625,4192,0.04192,0.09562153846153845,0.9043784615384616,0.48343,0.51657,1.0,0.0,41018.56474,44229,1867.1801894483901,2.0,2,0.0,132.0,132,0.0,
0.1,1,62,13,30,5,1,2,16,185,8,1,132,3,72,8,9250100,19822.269201664774,96376.88587086013,10572,4197,0.04197,0.09512846153846155,0.9048715384615384,0.48374437499999995,0.516255625,1.0,0.0,47413.325000000004,50604,1839.8806798525768,2.0,2,0.0,132.0,132,0.0,
0.1,1,62,13,30,5,1,2,16,185,8,1,132,3,72,8,9277600,19905.28628381585,112834.05791229743,10535,4196,0.04196,0.09520461538461539,0.9047953846153847,0.48401875,0.5159812500000001,1.0,0.0,53791.33607,56944,1835.2428612603333,2.0,2,0.0,132.0,132,0.0,
0.1,1,62,13,30,5,1,2,16,185,8,1,132,3,72,8,9197700,19787.78882397286,72895.92380952381,10612,4200,0.042,0.0952569230769231,0.9047430769230769,0.48428000000000004,0.51572,1.0,0.0,60124.840050000006,63354,1856.3030369542032,2.0,2,0.0,132.0,132,0.0,
0.1,1,62,13,30,5,1,2,21,5,8,1,132,3,72,8,1558607898409000,21133.379742033383,30146.918056217248,10544,4198,0.04198,0.09919076923076925,0.8827223076923076,0.01498238095238095,0.9650023809523811,0.9994533333333333,0.0,3027.36717,6175,1817.2383394580334,1.9538200000000001,2,0.30017895928928673,130.70526,132,10.763238747347156,
0.1,1,62,13,30,5,1,2,21,5,8,1,132,3,72,8,9179500,19986.21254288982,90372.01001908397,10492,4192,0.04192,0.09518384615384615,0.9048161538461539,0.014012857142857145,0.9859871428571428,1.0,0.0,9348.5483,12475,1829.8746410525246,2.0,2,0.0,132.0,132,0.0,
0.1,1,62,13,30,5,1,2,21,5,8,1,132,3,72,8,9556600,19445.591305153874,99572.904478323,10788,4198,0.04198,0.09522461538461538,0.9047753846153846,0.014115714285714287,0.9858842857142857,1.0,0.0,15779.398379999999,19066,1900.9994280571018,2.0,2,0.0,132.0,132,0.0,
0.1,1,62,13,30,5,1,2,21,5,8,1,132,3,72,8,9186600,20188.89357390969,110495.65406698565,10364,4180,0.0418,0.09512384615384617,0.9048761538461539,0.014266666666666665,0.9857333333333335,1.0,0.0,22128.78111,25249,1794.099431892563,2.0,2,0.0,132.0,132,0.0,
0.1,1,62,13,30,5,1,2,21,5,8,1,132,3,72,8,9166600,19867.561257337624,70753.38984263233,10562,4194,0.04194,0.09522538461538461,0.9047746153846153,0.014250476190476188,0.9857495238095237,1.0,0.0,28472.20436,31618,1829.9971268439472,2.0,2,0.0,132.0,132,0.0,
0.1,1,62,13,30,5,1,2,21,5,8,1,132,3,72,8,8948500,20267.712930700734,129914.12628312246,10332,4189,0.04189,0.0949976923076923,0.9050023076923076,0.014065238095238096,0.985934761904762,1.0,0.0,34688.03912,37762,1771.6913499561888,2.0,2,0.0,132.0,132,0.0,
0.1,1,62,13,30,5,1,2,21,5,8,1,132,3,72,8,8963500,19875.215717951156,92435.97151747247,10523,4178,0.04178,0.09480230769230769,0.9051976923076922,0.014306190476190478,0.9856938095238096,1.0,0.0,40888.42146,44105,1826.3225483664098,2.0,2,0.0,132.0,132,0.0,
0.1,1,62,13,30,5,1,2,21,5,8,1,132,3,72,8,9367000,20102.146755725193,94503.61849298788,10480,4207,0.04207,0.0948453846153846,0.9051546153846153,0.01423761904761905,0.985762380952381,1.0,0.0,47218.85909,50379,1810.2193645342109,2.0,2,0.0,132.0,132,0.0,
0.1,1,62,13,30,5,1,2,21,5,8,1,132,3,72,8,8594300,20002.899885474326,112382.79871367318,10478,4198,0.04198,0.09546846153846154,0.9045315384615384,0.01415095238095238,0.9858490476190476,1.0,0.0,53515.92612,56658,1799.0065025124075,2.0,2,0.0,132.0,132,0.0,
0.1,1,62,13,30,5,1,2,21,5,8,1,132,3,72,8,8575600,19982.550802139038,72318.85205544933,10472,4184,0.04184,0.0943523076923077,0.9056476923076923,0.014280000000000001,0.9857199999999999,1.0,0.0,59766.989729999994,62947,1808.989345774451,2.0,2,0.0,132.0,132,0.0,
0.1,1,62,13,30,5,1,2,21,25,8,1,132,3,72,8,1558607989053800,20980.181596473125,29721.530292230935,10661,4209,0.04209,0.09973230769230765,0.8802884615384614,0.05105142857142857,0.9279419047619047,0.9993633333333333,0.0,3015.43191,6281,1847.3397574468413,1.94922,2,0.3145177126967577,130.74091,132,10.118627494472468,
0.1,1,62,13,30,5,1,2,21,25,8,1,132,3,72,8,9423700,19991.013919344074,90210.22124105012,10489,4190,0.0419,0.09486769230769232,0.9051323076923077,0.04896285714285715,0.951037142857143,1.0,0.0,9397.370219999999,12580,1802.4290031114078,2.0,2,0.0,132.0,132,0.0,
0.1,1,62,13,30,5,1,2,21,25,8,1,132,3,72,8,8565200,19960.869734715223,97572.9680952381,10517,4200,0.042,0.09559153846153846,0.9044084615384615,0.04937857142857143,0.9506214285714285,1.0,0.0,15741.401170000001,18898,1822.1401463698055,2.0,2,0.0,132.0,132,0.0,
0.1,1,62,13,30,5,1,2,21,25,8,1,132,3,72,8,8977400,19939.36550542547,111111.85751789976,10506,4190,0.0419,0.09523307692307693,0.9047669230769231,0.04921047619047619,0.9507895238095239,1.0,0.0,22004.12113,25213,1834.6566518609382,2.0,2,0.0,132.0,132,0.0,
0.1,1,62,13,30,5,1,2,21,25,8,1,132,3,72,8,8865600,19993.00408978505,70665.59871550904,10514,4204,0.04204,0.09547307692307692,0.904526923076923,0.049284285714285725,0.9507157142857142,1.0,0.0,28360.66161,31525,1813.7001172746893,2.0,2,0.0,132.0,132,0.0,
0.1,1,62,13,30,5,1,2,21,25,8,1,132,3,72,8,9364200,19947.758584708783,128154.9362360219,10542,4203,0.04203,0.09558538461538461,0.9044146153846154,0.049300476190476186,0.9506995238095238,1.0,0.0,34657.807010000004,37863,1840.758457018374,2.0,2,0.0,132.0,132,0.0,
0.1,1,62,13,30,5,1,2,21,25,8,1,132,3,72,8,8967300,19938.881697915676,91465.66968973746,10507,4190,0.0419,0.09520076923076923,0.9047992307692307,0.04889142857142857,0.9511085714285714,1.0,0.0,41039.773669999995,44179,1826.3437531979412,2.0,2,0.0,132.0,132,0.0,
0.1,1,62,13,30,5,1,2,21,25,8,1,132,3,72,8,9021500,20177.21813276809,97408.58568019092,10379,4190,0.0419,0.09509230769230771,0.9049076923076923,0.04867476190476191,0.9513252380952382,1.0,0.0,47218.05426,50368,1791.7291839942504,2.0,2,0.0,132.0,132,0.0,
0.1,1,62,13,30,5,1,2,21,25,8,1,132,3,72,8,8923800,20158.382835749257,110820.58805330795,10417,4202,0.04202,0.09475000000000001,0.90525,0.04899047619047619,0.9510095238095237,1.0,0.0,53449.66346,56583,1801.8577202766587,2.0,2,0.0,132.0,132,0.0,
0.1,1,62,13,30,5,1,2,21,25,8,1,132,3,72,8,9262600,19785.871959268337,71222.89623091603,10606,4192,0.04192,0.09523692307692307,0.9047630769230769,0.04904857142857143,0.9509514285714286,1.0,0.0,59776.6285,62999,1854.361584219185,2.0,2,0.0,132.0,132,0.0,
0.1,1,62,13,30,5,1,2,21,45,8,1,132,3,72,8,1558608083266300,21273.439729162692,30040.130756382725,10486,4191,0.04191,0.09872076923076924,0.879103076923077,0.09238095238095237,0.8861861904761904,0.9988133333333332,0.0,2997.39254,6124,1810.0743278032396,1.94388,2,0.33019773712125894,129.95171,132,13.995610671775161,
0.1,1,62,13,30,5,1,2,21,45,8,1,132,3,72,8,10532600,20139.588614289834,89966.75841489616,10399,4189,0.04189,0.09517846153846153,0.9048215384615385,0.08920095238095238,0.9107990476190476,1.0,0.0,9210.39777,12334,1787.7009544409352,2.0,2,0.0,132.0,132,0.0,
0.1,1,62,13,30,5,1,2,21,45,8,1,132,3,72,8,9328800,19549.701769165964,99966.19498207886,10683,4185,0.04185,0.09505769230769232,0.9049423076923078,0.08830333333333333,0.9116966666666667,1.0,0.0,15645.978640000001,18832,1877.401585613405,2.0,2,0.0,132.0,132,0.0,
0.1,1,62,13,30,5,1,2,21,45,8,1,132,3,72,8,9257000,20139.467793030624,109452.1988095238,10417,4200,0.042,0.0951423076923077,0.9048576923076923,0.08907952380952382,0.9109204761904761,1.0,0.0,21929.23995,25051,1793.6416921486896,2.0,2,0.0,132.0,132,0.0,
0.1,1,62,13,30,5,1,2,21,45,8,1,132,3,72,8,9503100,19528.692120985812,71122.70336756628,10712,4187,0.04187,0.09525615384615384,0.9047438461538462,0.08879,0.91121,1.0,0.0,28378.28374,31574,1871.3539921435827,2.0,2,0.0,132.0,132,0.0,
0.1,1,62,13,30,5,1,2,21,45,8,1,132,3,72,8,9374900,19821.147703647704,129833.74047619048,10582,4200,0.042,0.09569230769230769,0.9043076923076924,0.0891247619047619,0.9108752380952381,1.0,0.0,34697.81896,37957,1841.0109870624622,2.0,2,0.0,132.0,132,0.0,
0.1,1,62,13,30,5,1,2,21,45,8,1,132,3,72,8,8474200,20378.645655546934,91255.40943755957,10312,4196,0.04196,0.09513,0.9048700000000001,0.08879571428571428,0.9112042857142856,1.0,0.0,41015.643090000005,44074,1795.3946150484612,2.0,2,0.0,132.0,132,0.0,
0.1,1,62,13,30,5,1,2,21,45,8,1,132,3,72,8,9005200,20097.205432287683,98496.14156554842,10456,4203,0.04203,0.09558923076923076,0.9044107692307691,0.08901428571428571,0.9109857142857143,1.0,0.0,47196.02764,50326,1780.754476505867,2.0,2,0.0,132.0,132,0.0,
0.1,1,62,13,30,5,1,2,21,45,8,1,132,3,72,8,8609500,19750.3955651602,110501.98620033309,10643,4203,0.04203,0.09535461538461537,0.9046453846153847,0.08873,0.9112699999999999,1.0,0.0,53535.27704,56765,1872.9031314749739,2.0,2,0.0,132.0,132,0.0,
0.1,1,62,13,30,5,1,2,21,45,8,1,132,3,72,8,8999000,19614.06095613788,70074.81977022499,10647,4178,0.04178,0.0947453846153846,0.9052546153846154,0.08853619047619048,0.9114638095238096,1.0,0.0,60036.91649,63234,1871.265946041653,2.0,2,0.0,132.0,132,0.0,
0.1,1,62,13,30,5,1,2,21,65,8,1,132,3,72,8,1558608176060400,21288.835581061692,29727.00310484834,10455,4187,0.04187,0.09909000000000003,0.8803046153846152,0.13305095238095244,0.8502347619047621,0.9987966666666668,0.0,2936.94329,6098,1785.7245942401016,1.94761,2,0.31941397574307806,130.39386,132,12.263838481503317,
0.1,1,62,13,30,5,1,2,21,65,8,1,132,3,72,8,9128300,19914.796883906518,89138.08418793227,10526,4193,0.04193,0.0953376923076923,0.9046623076923077,0.1289814285714286,0.8710185714285714,1.0,0.0,9245.44442,12430,1848.0373119693418,2.0,2,0.0,132.0,132,0.0,
0.1,1,62,13,30,5,1,2,21,65,8,1,132,3,72,8,8704000,20179.257263400134,100563.63547850867,10429,4211,0.04211,0.09511769230769232,0.9048823076923077,0.12931190476190477,0.8706880952380952,1.0,0.0,15515.86018,18649,1778.8955730594112,2.0,2,0.0,132.0,132,0.0,
0.1,1,62,13,30,5,1,2,21,65,8,1,132,3,72,8,8694600,20265.478693593584,108917.5060728745,10349,4199,0.04199,0.09500461538461537,0.9049953846153845,0.1292104761904762,0.8707895238095238,1.0,0.0,21707.1787,24798,1772.4348109892028,2.0,2,0.0,132.0,132,0.0,
0.1,1,62,13,30,5,1,2,21,65,8,1,132,3,72,8,9276400,19916.854148885726,70619.04810669208,10545,4199,0.04199,0.09520307692307693,0.9047969230769232,0.12868238095238094,0.8713176190476191,1.0,0.0,27937.41719,31145,1829.7644221872974,2.0,2,0.0,132.0,132,0.0,
0.1,1,62,13,30,5,1,2,21,65,8,1,132,3,72,8,9073900,19869.50014181715,129527.02475011899,10577,4202,0.04202,0.09575,0.90425,0.12935714285714286,0.8706428571428572,1.0,0.0,34347.90913,37519,1856.5566549374475,2.0,2,0.0,132.0,132,0.0,
0.1,1,62,13,30,5,1,2,21,65,8,1,132,3,72,8,8726100,19950.012306811677,88581.31121718377,10482,4190,0.0419,0.09445,0.90555,0.12812476190476188,0.8718752380952381,1.0,0.0,40668.558430000005,43811,1829.3789362200716,2.0,2,0.0,132.0,132,0.0,
0.1,1,62,13,30,5,1,2,21,65,8,1,132,3,72,8,8546700,20201.648958735055,101160.85922214268,10372,4191,0.04191,0.09532692307692307,0.9046730769230769,0.12852952380952382,0.8714704761904761,1.0,0.0,46910.75006,49992,1791.449019154643,2.0,2,0.0,132.0,132,0.0,
0.1,1,62,13,30,5,1,2,21,65,8,1,132,3,72,8,8781900,20006.955397051832,108379.47849845569,10515,4209,0.04209,0.09583153846153845,0.9041684615384615,0.1293704761904762,0.8706295238095239,1.0,0.0,53196.51375,56298,1792.1867397989859,2.0,2,0.0,132.0,132,0.0,
0.1,1,62,13,30,5,1,2,21,65,8,1,132,3,72,8,8249900,20117.94647995396,73481.18396564065,10426,4191,0.04191,0.09517999999999999,0.9048200000000001,0.12860999999999997,0.87139,1.0,0.0,59419.53579,62534,1789.5889568833206,2.0,2,0.0,132.0,132,0.0,
0.1,1,62,13,30,5,1,2,21,85,8,1,132,3,72,8,1558608267006600,21231.667588442833,29735.943184530915,10487,4189,0.04189,0.0994569230769231,0.8786184615384616,0.17517476190476183,0.8088595238095238,0.9987499999999999,0.0,2978.16212,6127,1825.8761839065394,1.94462,2,0.3276172394731386,130.31704,132,12.399831677825308,
0.1,1,62,13,30,5,1,2,21,85,8,1,132,3,72,8,7693800,19935.31533068031,89764.42303116822,10554,4203,0.04203,0.09547923076923077,0.9045207692307693,0.1690638095238095,0.8309361904761905,1.0,0.0,9345.15468,12478,1841.1626049901465,2.0,2,0.0,132.0,132,0.0,
0.1,1,62,13,30,5,1,2,21,85,8,1,132,3,72,8,7622700,19994.921538754523,100690.29871367318,10502,4198,0.04198,0.09518384615384615,0.9048161538461539,0.16934666666666667,0.8306533333333332,1.0,0.0,15673.89827,18782,1827.5205002956884,2.0,2,0.0,132.0,132,0.0,
0.1,1,62,13,30,5,1,2,21,85,8,1,132,3,72,8,7664900,20082.101611974667,110285.59398137091,10422,4187,0.04187,0.09465846153846152,0.9053415384615384,0.1682714285714286,0.8317285714285715,1.0,0.0,21915.745850000003,25017,1780.8485048475154,2.0,2,0.0,132.0,132,0.0,
0.1,1,62,13,30,5,1,2,21,85,8,1,132,3,72,8,8302700,20178.58795319394,70792.00142721218,10426,4204,0.04204,0.09573384615384616,0.9042661538461538,0.1687247619047619,0.8312752380952382,1.0,0.0,28149.197220000002,31240,1806.0650736903672,2.0,2,0.0,132.0,132,0.0,
0.1,1,62,13,30,5,1,2,21,85,8,1,132,3,72,8,7695700,19814.46519524618,129841.94186323564,10602,4197,0.04197,0.09537692307692308,0.9046230769230769,0.16906285714285715,0.8309371428571429,1.0,0.0,34501.40616,37646,1847.8453150667729,2.0,2,0.0,132.0,132,0.0,
0.1,1,62,13,30,5,1,2,21,85,8,1,132,3,72,8,7585400,20287.312620609802,90846.50736692015,10364,4208,0.04208,0.09519538461538463,0.9048046153846154,0.1694047619047619,0.830595238095238,1.0,0.0,40756.36806,43802,1763.2318404940063,2.0,2,0.0,132.0,132,0.0,
0.1,1,62,13,30,5,1,2,21,85,8,1,132,3,72,8,9356600,20156.629512592168,99844.87339667458,10443,4210,0.0421,0.0957853846153846,0.9042146153846153,0.1693895238095238,0.8306104761904762,1.0,0.0,46892.861580000004,50033,1771.1608756744472,2.0,2,0.0,132.0,132,0.0,
0.1,1,62,13,30,5,1,2,21,85,8,1,132,3,72,8,8630800,19977.76469469279,110280.54941652775,10514,4199,0.04199,0.09521307692307693,0.904786923076923,0.16925095238095236,0.8307490476190477,1.0,0.0,53241.21998,56348,1798.8836693651915,2.0,2,0.0,132.0,132,0.0,
0.1,1,62,13,30,5,1,2,21,85,8,1,132,3,72,8,7866200,20319.35821473521,70810.85506901475,10329,4202,0.04202,0.09531384615384615,0.9046861538461539,0.16858761904761904,0.8314123809523809,1.0,0.0,59363.8857,62477,1772.7287091983408,2.0,2,0.0,132.0,132,0.0,
0.1,1,62,13,30,5,1,2,21,105,8,1,132,3,72,8,1558608348257400,21046.6064101352,30167.123385939743,10577,4182,0.04182,0.09856846153846154,0.8834984615384618,0.21559523809523812,0.7735742857142857,0.99853,0.0,3014.66617,6224,1826.167837091523,1.95366,2,0.3005205557029332,130.50622,132,11.617051317421224,
0.1,1,62,13,30,5,1,2,21,105,8,1,132,3,72,8,8274600,20053.067368421052,90044.78220419848,10450,4192,0.04192,0.09507307692307693,0.9049269230769231,0.20876523809523811,0.7912347619047618,1.0,0.0,9372.37743,12483,1806.8577456060505,2.0,2,0.0,132.0,132,0.0,
0.1,1,62,13,30,5,1,2,21,105,8,1,132,3,72,8,8232000,19855.95279091769,98598.75256013336,10570,4199,0.04199,0.09522230769230769,0.9047776923076923,0.20913952380952378,0.7908604761904761,1.0,0.0,15687.252499999999,18853,1822.2536319963249,2.0,2,0.0,132.0,132,0.0,
0.1,1,62,13,30,5,1,2,21,105,8,1,132,3,72,8,8153100,19927.76269420235,111050.36714285714,10556,4200,0.042,0.09489461538461538,0.9051053846153846,0.20873714285714284,0.7912628571428572,1.0,0.0,22036.49483,25211,1840.528147384137,2.0,2,0.0,132.0,132,0.0,
0.1,1,62,13,30,5,1,2,21,105,8,1,132,3,72,8,8242700,19963.27633079848,70496.56380952381,10520,4200,0.042,0.09545384615384614,0.9045461538461539,0.2088952380952381,0.7911047619047619,1.0,0.0,28397.878829999998,31529,1830.6039437212858,2.0,2,0.0,132.0,132,0.0,
0.1,1,62,13,30,5,1,2,21,105,8,1,132,3,72,8,8117100,19827.298302191026,130021.67350835323,10543,4190,0.0419,0.09527615384615383,0.9047238461538462,0.20847619047619048,0.7915238095238095,1.0,0.0,34638.404460000005,37882,1835.7536156716938,2.0,2,0.0,132.0,132,0.0,
0.1,1,62,13,30,5,1,2,21,105,8,1,132,3,72,8,8748100,19677.571991370416,90905.28646329838,10661,4196,0.04196,0.09539923076923076,0.9046007692307693,0.20857095238095238,0.7914290476190476,1.0,0.0,41104.12124,44348,1861.7165250759622,2.0,2,0.0,132.0,132,0.0,
0.1,1,62,13,30,5,1,2,21,105,8,1,132,3,72,8,7955100,19716.78958254983,98209.15741843297,10636,4199,0.04199,0.09551692307692307,0.9044830769230768,0.20874333333333334,0.7912566666666666,1.0,0.0,47593.42925,50784,1857.2859322825204,2.0,2,0.0,132.0,132,0.0,
0.1,1,62,13,30,5,1,2,21,105,8,1,132,3,72,8,7638100,19745.544643695426,111277.33444338726,10651,4204,0.04204,0.09536769230769229,0.9046323076923077,0.20925999999999997,0.7907399999999999,1.0,0.0,53987.592500000006,57232,1865.0080464661241,2.0,2,0.0,132.0,132,0.0,
0.1,1,62,13,30,5,1,2,21,105,8,1,132,3,72,8,7587900,19812.982285875813,71593.1995713265,10613,4199,0.04199,0.09533307692307691,0.9046669230769232,0.20892238095238094,0.791077619047619,1.0,0.0,60412.2024,63646,1869.4041834055374,2.0,2,0.0,132.0,132,0.0,
0.1,1,62,13,30,5,1,2,21,125,8,1,132,3,72,8,1558608429715100,21107.93662239089,30465.278997613364,10540,4190,0.0419,0.09896230769230771,0.8792415384615386,0.25768476190476197,0.7305233333333335,0.9982500000000001,0.0,3056.21927,6181,1821.573401362313,1.94607,2,0.32360709989121106,130.23666,132,12.602735895209332,
0.1,1,62,13,30,5,1,2,21,125,8,1,132,3,72,8,7530100,19765.937305552936,90658.86232402768,10607,4191,0.04191,0.0953923076923077,0.9046076923076923,0.24844809523809525,0.7515519047619047,1.0,0.0,9326.48399,12595,1835.3725598590809,2.0,2,0.0,132.0,132,0.0,
0.1,1,62,13,30,5,1,2,21,125,8,1,132,3,72,8,7874000,20057.687679083094,99614.22886401524,10470,4199,0.04199,0.09525615384615385,0.9047438461538462,0.24870238095238092,0.751297619047619,1.0,0.0,15691.0633,18867,1786.3776609197541,2.0,2,0.0,132.0,132,0.0,
0.1,1,62,13,30,5,1,2,21,125,8,1,132,3,72,8,9594100,20105.26682669227,110082.09184160305,10415,4192,0.04192,0.09491384615384614,0.9050861538461539,0.24858190476190478,0.7514180952380952,1.0,0.0,21976.985330000003,25089,1805.371671605243,2.0,2,0.0,132.0,132,0.0,
0.1,1,62,13,30,5,1,2,21,125,8,1,132,3,72,8,7489600,19804.708297932597,70553.4554998807,10593,4191,0.04191,0.09533923076923076,0.9046607692307693,0.24831142857142854,0.7516885714285715,1.0,0.0,28338.758329999997,31491,1867.1534104314385,2.0,2,0.0,132.0,132,0.0,
0.1,1,62,13,30,5,1,2,21,125,8,1,132,3,72,8,8242400,19999.65309818875,127610.42241789625,10490,4202,0.04202,0.09511307692307693,0.904886923076923,0.2485452380952381,0.7514547619047619,1.0,0.0,34571.59027,37780,1813.0521979389896,2.0,2,0.0,132.0,132,0.0,
0.1,1,62,13,30,5,1,2,21,125,8,1,132,3,72,8,7999000,20045.592259914,90481.74916547448,10465,4194,0.04194,0.09479615384615385,0.9052038461538461,0.24884238095238093,0.751157619047619,1.0,0.0,40980.168970000006,44050,1825.4343672339646,2.0,2,0.0,132.0,132,0.0,
0.1,1,62,13,30,5,1,2,21,125,8,1,132,3,72,8,8171600,19689.208372530575,97754.8547539417,10630,4186,0.04186,0.09503384615384615,0.9049661538461538,0.24840761904761907,0.751592380952381,1.0,0.0,47267.14235,50494,1844.3913720917021,2.0,2,0.0,132.0,132,0.0,
0.1,1,62,13,30,5,1,2,21,125,8,1,132,3,72,8,7529300,19960.324671616218,111030.93368320611,10506,4192,0.04192,0.09447307692307692,0.9055269230769232,0.24827904761904765,0.7517209523809524,1.0,0.0,53666.476409999996,56808,1821.6961689766097,2.0,2,0.0,132.0,132,0.0,
0.1,1,62,13,30,5,1,2,21,125,8,1,132,3,72,8,8243100,20170.650995096625,70893.40900428775,10401,4198,0.04198,0.09526846153846155,0.9047315384615384,0.2487909523809524,0.7512090476190476,1.0,0.0,59935.53551,63011,1818.2647007459764,2.0,2,0.0,132.0,132,0.0,
0.1,1,62,13,30,5,1,2,21,145,8,1,132,3,72,8,1558608510619700,21170.753048780487,29846.28281137939,10496,4183,0.04183,0.09867615384615387,0.8825969230769231,0.29839476190476183,0.6944785714285713,0.9981433333333333,0.0,3005.7198399999997,6144,1835.3694074682558,1.95364,2,0.2999512467051938,130.18444,132,13.350637508613598,
0.1,1,62,13,30,5,1,2,21,145,8,1,132,3,72,8,7657500,20144.08776468334,90193.28479657388,10437,4203,0.04203,0.09536384615384617,0.9046361538461538,0.28917238095238096,0.710827619047619,1.0,0.0,9241.21035,12376,1807.8892901953104,2.0,2,0.0,132.0,132,0.0,
0.1,1,62,13,30,5,1,2,21,145,8,1,132,3,72,8,7713800,19664.73337091319,100162.90155316607,10644,4185,0.04185,0.09461384615384615,0.9053861538461537,0.28774809523809525,0.7122519047619048,1.0,0.0,15642.96678,18836,1887.8496271727845,2.0,2,0.0,132.0,132,0.0,
0.1,1,62,13,30,5,1,2,21,145,8,1,132,3,72,8,8709400,20068.829536753445,109372.68954014772,10448,4197,0.04197,0.09510230769230771,0.9048976923076922,0.2889090476190476,0.7110909523809523,1.0,0.0,21939.95453,25086,1800.7965283236513,2.0,2,0.0,132.0,132,0.0,
0.1,1,62,13,30,5,1,2,21,145,8,1,132,3,72,8,7570300,19757.940583804142,70833.11883781853,10620,4199,0.04199,0.09544692307692307,0.904553076923077,0.2887109523809524,0.7112890476190477,1.0,0.0,28336.82646,31507,1847.7947580518312,2.0,2,0.0,132.0,132,0.0,
0.1,1,62,13,30,5,1,2,21,145,8,1,132,3,72,8,8184100,20033.05305420132,129670.33666666667,10461,4200,0.042,0.09556384615384615,0.904436153846154,0.2888428571428572,0.7111571428571428,1.0,0.0,34646.0642,37768,1821.0541561739556,2.0,2,0.0,132.0,132,0.0,
0.1,1,62,13,30,5,1,2,21,145,8,1,132,3,72,8,8386600,19986.230255627623,90689.03168175321,10484,4198,0.04198,0.09518076923076922,0.9048192307692309,0.28924333333333335,0.7107566666666667,1.0,0.0,40921.29801,44054,1801.8139666791803,2.0,2,0.0,132.0,132,0.0,
0.1,1,62,13,30,5,1,2,21,145,8,1,132,3,72,8,8053900,20113.189427312776,98790.70655542312,10442,4195,0.04195,0.09577384615384615,0.9042261538461538,0.2884,0.7116,1.0,0.0,47176.26913,50301,1797.2469243982287,2.0,2,0.0,132.0,132,0.0,
0.1,1,62,13,30,5,1,2,21,145,8,1,132,3,72,8,7506300,20298.410937651508,110587.77417044641,10313,4189,0.04189,0.09508,0.9049200000000001,0.28830142857142854,0.7116985714285714,1.0,0.0,53404.87626,56427,1796.7445325501537,2.0,2,0.0,132.0,132,0.0,
0.1,1,62,13,30,5,1,2,21,145,8,1,132,3,72,8,7984800,19811.484714096998,70404.40410305343,10598,4192,0.04192,0.09519461538461539,0.9048053846153846,0.2886976190476191,0.711302380952381,1.0,0.0,59611.7668,62832,1863.290453546662,2.0,2,0.0,132.0,132,0.0,
0.1,1,62,13,30,5,1,2,21,165,8,1,132,3,72,8,1558608590406800,21404.597501201344,29513.324802678784,10405,4181,0.04181,0.09851692307692309,0.8825238461538463,0.3390423809523811,0.6552619047619048,0.99783,0.0,2920.5667,6053,1802.1461304764136,1.95723,2,0.28761211222756305,130.31416,132,12.235475613739107,
0.1,1,62,13,30,5,1,2,21,165,8,1,132,3,72,8,8334500,20182.578790213833,89088.45382963493,10382,4191,0.04191,0.09490461538461538,0.9050953846153846,0.32828142857142856,0.6717185714285714,1.0,0.0,9132.26088,12245,1780.9943873863342,2.0,2,0.0,132.0,132,0.0,
0.1,1,62,13,30,5,1,2,21,165,8,1,132,3,72,8,8094300,19846.544490723212,101183.42258218199,10564,4198,0.04198,0.09535230769230771,0.9046476923076923,0.32886428571428566,0.6711357142857143,1.0,0.0,15433.69327,18610,1833.768363296393,2.0,2,0.0,132.0,132,0.0,
0.1,1,62,13,30,5,1,2,21,165,8,1,132,3,72,8,8378000,19784.425066062664,108521.16309012876,10596,4194,0.04194,0.09543153846153848,0.9045684615384615,0.32816428571428574,0.6718357142857143,1.0,0.0,21807.305,25012,1851.2297145181562,2.0,2,0.0,132.0,132,0.0,
0.1,1,62,13,30,5,1,2,21,165,8,1,132,3,72,8,7784600,19687.148734770384,72830.14360562038,10670,4199,0.04199,0.09512461538461538,0.9048753846153846,0.3288285714285714,0.6711714285714285,1.0,0.0,28257.29349,31483,1851.4335057553844,2.0,2,0.0,132.0,132,0.0,
0.1,1,62,13,30,5,1,2,21,165,8,1,132,3,72,8,7649900,20047.538351596,128335.2677764566,10495,4205,0.04205,0.09513692307692308,0.904863076923077,0.3293209523809524,0.6706790476190476,1.0,0.0,34654.86765,37774,1812.2641772471993,2.0,2,0.0,132.0,132,0.0,
0.1,1,62,13,30,5,1,2,21,165,8,1,132,3,72,8,7825000,19825.501606805294,88660.45120496301,10580,4191,0.04191,0.09453076923076924,0.9054692307692308,0.3285442857142857,0.6714557142857143,1.0,0.0,40960.85437,44163,1847.5418840399323,2.0,2,0.0,132.0,132,0.0,
0.1,1,62,13,30,5,1,2,21,165,8,1,132,3,72,8,7586300,19810.803929012054,101422.68611044704,10537,4183,0.04183,0.09498769230769229,0.9050123076923077,0.3281733333333333,0.6718266666666667,1.0,0.0,47369.078850000005,50516,1855.3686126082976,2.0,2,0.0,132.0,132,0.0,
0.1,1,62,13,30,5,1,2,21,165,8,1,132,3,72,8,7737800,20069.54343048256,109470.06121962839,10465,4198,0.04198,0.0951046153846154,0.9048953846153847,0.32884857142857143,0.6711514285714285,1.0,0.0,53665.96802,56783,1792.633741007152,2.0,2,0.0,132.0,132,0.0,
0.1,1,62,13,30,5,1,2,21,165,8,1,132,3,72,8,8439800,19898.247367921846,69818.87059103909,10543,4196,0.04196,0.09461,0.90539,0.32841047619047614,0.6715895238095237,1.0,0.0,59945.1874,63131,1820.5990430463294,2.0,2,0.0,132.0,132,0.0,
0.1,1,62,13,30,5,1,2,21,185,8,1,132,3,72,8,1558608671751500,20930.18680699117,30431.04849498328,10642,4186,0.04186,0.09882923076923077,0.8830930769230767,0.3812314285714285,0.6151538095238096,0.99734,0.0,3087.2126,6285,1858.2185110479447,1.9679799999999998,2,0.24684958902133203,130.39239999999998,132,12.355293692988607,
0.1,1,62,13,30,5,1,2,21,185,8,1,132,3,72,8,8272000,20006.843098028006,91095.28891004284,10497,4202,0.04202,0.09485538461538462,0.9051446153846154,0.36905714285714286,0.6309428571428571,1.0,0.0,9413.539519999998,12580,1835.3551175775751,2.0,2,0.0,132.0,132,0.0,
0.1,1,62,13,30,5,1,2,21,185,8,1,132,3,72,8,8370600,19911.093684809406,97871.56129492978,10546,4201,0.04201,0.09527923076923075,0.9047207692307692,0.36920714285714284,0.630792857142857,1.0,0.0,15760.06357,18926,1843.777891284314,2.0,2,0.0,132.0,132,0.0,
0.1,1,62,13,30,5,1,2,21,185,8,1,132,3,72,8,8555600,19760.819373703074,110849.10014306151,10602,4194,0.04194,0.09514692307692307,0.9048530769230769,0.36834047619047616,0.6316595238095237,1.0,0.0,22097.28347,25335,1891.0927058171562,2.0,2,0.0,132.0,132,0.0,
0.1,1,62,13,30,5,1,2,21,185,8,1,132,3,72,8,8278900,20135.151984696317,71344.98454588682,10455,4206,0.04206,0.09581153846153846,0.9041884615384616,0.36989857142857147,0.6301014285714286,1.0,0.0,28464.706749999998,31582,1795.4479619233057,2.0,2,0.0,132.0,132,0.0,
0.1,1,62,13,30,5,1,2,21,185,8,1,132,3,72,8,7914600,20142.9664906385,128054.14660309892,10415,4195,0.04195,0.09549615384615384,0.9045038461538462,0.3682290476190476,0.6317709523809524,1.0,0.0,34675.21511,37802,1783.164285543511,2.0,2,0.0,132.0,132,0.0,
0.1,1,62,13,30,5,1,2,21,185,8,1,132,3,72,8,9610400,20042.91174790556,91768.4026128266,10504,4210,0.0421,0.09529384615384616,0.9047061538461538,0.36978809523809525,0.6302119047619047,1.0,0.0,40921.68818,44096,1828.5409774430914,2.0,2,0.0,132.0,132,0.0,
0.1,1,62,13,30,5,1,2,21,185,8,1,132,3,72,8,8036500,19936.97486910995,97197.42349857006,10505,4196,0.04196,0.09489461538461538,0.9051053846153846,0.36838523809523815,0.6316147619047618,1.0,0.0,47271.11457,50406,1831.2344652295546,2.0,2,0.0,132.0,132,0.0,
0.1,1,62,13,30,5,1,2,21,185,8,1,132,3,72,8,8095400,20098.957011845625,111480.7211515584,10468,4203,0.04203,0.09520923076923077,0.9047907692307693,0.36949095238095236,0.6305090476190477,1.0,0.0,53500.56894,56670,1823.4063062762145,2.0,2,0.0,132.0,132,0.0,
0.1,1,62,13,30,5,1,2,21,185,8,1,132,3,72,8,9542000,19831.281813887577,72589.0651240458,10585,4192,0.04192,0.09483538461538463,0.9051646153846155,0.36837,0.63163,1.0,0.0,59804.0804,63063,1855.637926589099,2.0,2,0.0,132.0,132,0.0,
0.1,1,62,13,30,5,1,2,26,5,8,1,132,3,72,8,1558608757359300,21517.304457120757,29553.1358319408,10343,4189,0.04189,0.09887615384615381,0.8814553846153844,0.011933076923076928,0.9649234615384614,0.9995433333333333,0.0,2914.93898,5978,1774.2945622744155,1.94977,2,0.3127729961169917,130.48564,132,11.535965230114154,
0.1,1,62,13,30,5,1,2,26,5,8,1,132,3,72,8,9365700,19571.23821940771,88991.82885027374,10738,4201,0.04201,0.09536923076923078,0.9046307692307693,0.011621153846153845,0.9883788461538461,1.0,0.0,9261.08992,12516,1893.5304159517436,2.0,2,0.0,132.0,132,0.0,
0.1,1,62,13,30,5,1,2,26,5,8,1,132,3,72,8,11788300,19923.311340401364,102850.98524512137,10564,4202,0.04202,0.0955446153846154,0.9044553846153847,0.011497692307692308,0.9885023076923076,1.0,0.0,15699.67055,18877,1856.4102554803596,2.0,2,0.0,132.0,132,0.0,
0.1,1,62,13,30,5,1,2,26,5,8,1,132,3,72,8,9603600,20011.786919831222,109373.92898134864,10428,4182,0.04182,0.09465153846153845,0.9053484615384615,0.011113076923076923,0.988886923076923,1.0,0.0,21916.63356,25123,1797.4608869018016,2.0,2,0.0,132.0,132,0.0,
0.1,1,62,13,30,5,1,2,26,5,8,1,132,3,72,8,8381400,19881.870419593695,70377.51156689721,10534,4193,0.04193,0.09492153846153845,0.9050784615384616,0.011608076923076922,0.9883919230769231,1.0,0.0,28300.49735,31466,1814.2581684514573,2.0,2,0.0,132.0,132,0.0,
0.1,1,62,13,30,5,1,2,26,5,8,1,132,3,72,8,8614100,19962.22529568867,128610.43126491646,10484,4190,0.0419,0.09544307692307691,0.904556923076923,0.011642692307692309,0.9883573076923078,1.0,0.0,34630.89332,37758,1799.5608871608274,2.0,2,0.0,132.0,132,0.0,
0.1,1,62,13,30,5,1,2,26,5,8,1,132,3,72,8,7990300,19866.562978361522,91555.04068522484,10583,4203,0.04203,0.09592846153846153,0.9040715384615384,0.011449615384615384,0.9885503846153847,1.0,0.0,40969.87866,44139,1846.147386450106,2.0,2,0.0,132.0,132,0.0,
0.1,1,62,13,30,5,1,2,26,5,8,1,132,3,72,8,8351600,19922.022686283817,97545.52795622175,10535,4203,0.04203,0.09562000000000001,0.90438,0.011676153846153847,0.9883238461538462,1.0,0.0,47344.233870000004,50471,1838.8024639733424,2.0,2,0.0,132.0,132,0.0,
0.1,1,62,13,30,5,1,2,26,5,8,1,132,3,72,8,7936900,19734.34785875282,109989.30954080418,10648,4203,0.04203,0.0954353846153846,0.9045646153846154,0.011574615384615386,0.9884253846153845,1.0,0.0,53727.508879999994,56915,1882.9236225089453,2.0,2,0.0,132.0,132,0.0,
0.1,1,62,13,30,5,1,2,26,5,8,1,132,3,72,8,7943900,20088.911944869833,70150.9530505243,10448,4196,0.04196,0.09524846153846153,0.9047515384615384,0.011483076923076922,0.988516923076923,1.0,0.0,60047.95526,63167,1802.4071193707323,2.0,2,0.0,132.0,132,0.0,
0.1,1,62,13,30,5,1,2,26,25,8,1,132,3,72,8,1558608845999700,20996.72299142884,30146.03812246843,10617,4197,0.04197,0.0995623076923077,0.8777069230769231,0.04126038461538462,0.9354499999999999,0.9992800000000001,0.0,3060.34891,6244,1856.5434484470893,1.94307,2,0.33236873363780756,130.52743,132,11.274330472143243,
0.1,1,62,13,30,5,1,2,26,25,8,1,132,3,72,8,8542200,19994.34746895893,90557.40615311233,10470,4193,0.04193,0.09496615384615385,0.9050338461538462,0.03956,0.9604400000000001,1.0,0.0,9376.35995,12524,1794.7278308774298,2.0,2,0.0,132.0,132,0.0,
0.1,1,62,13,30,5,1,2,26,25,8,1,132,3,72,8,8465300,19773.628927257287,98759.5320114668,10599,4186,0.04186,0.09493000000000001,0.90507,0.039385384615384614,0.9606146153846153,1.0,0.0,15679.18016,18934,1818.2174992839455,2.0,2,0.0,132.0,132,0.0,
0.1,1,62,13,30,5,1,2,26,25,8,1,132,3,72,8,8645600,20234.79911402157,110857.37958115184,10384,4202,0.04202,0.09522692307692308,0.904773076923077,0.03937653846153846,0.9606234615384616,1.0,0.0,22079.301910000002,25116,1776.3463420178755,2.0,2,0.0,132.0,132,0.0,
0.1,1,62,13,30,5,1,2,26,25,8,1,132,3,72,8,8555100,20033.25820610687,70605.21767087402,10480,4199,0.04199,0.09494461538461538,0.9050553846153846,0.039457307692307694,0.9605426923076923,1.0,0.0,28205.38956,31397,1808.967473937251,2.0,2,0.0,132.0,132,0.0,
0.1,1,62,13,30,5,1,2,26,25,8,1,132,3,72,8,8688800,20029.023891109842,128998.34102259215,10506,4205,0.04205,0.09530538461538463,0.9046946153846154,0.039520769230769234,0.9604792307692307,1.0,0.0,34578.094659999995,37698,1825.461405776653,2.0,2,0.0,132.0,132,0.0,
0.1,1,62,13,30,5,1,2,26,25,8,1,132,3,72,8,9265500,19833.21875,90404.1558844593,10560,4189,0.04189,0.09440923076923077,0.9055907692307692,0.03942538461538461,0.9605746153846154,1.0,0.0,40838.19917,44070,1839.1959982778826,2.0,2,0.0,132.0,132,0.0,
0.1,1,62,13,30,5,1,2,26,25,8,1,132,3,72,8,8072000,20063.033680987464,97011.04963015986,10451,4191,0.04191,0.09463615384615384,0.9053638461538461,0.039308076923076925,0.960691923076923,1.0,0.0,47218.74158,50330,1792.6442570234217,2.0,2,0.0,132.0,132,0.0,
0.1,1,62,13,30,5,1,2,26,25,8,1,132,3,72,8,7962600,19915.61406175772,112113.76879026485,10525,4191,0.04191,0.0954046153846154,0.9045953846153847,0.039581923076923084,0.9604180769230768,1.0,0.0,53518.938610000005,56664,1826.9818560238816,2.0,2,0.0,132.0,132,0.0,
0.1,1,62,13,30,5,1,2,26,25,8,1,132,3,72,8,7876800,19853.731839331496,71402.93882915174,10531,4185,0.04185,0.09476153846153847,0.9052384615384615,0.03943038461538462,0.9605696153846153,1.0,0.0,59804.187699999995,63009,1826.2841421831477,2.0,2,0.0,132.0,132,0.0,
0.1,1,62,13,30,5,1,2,26,45,8,1,132,3,72,8,1558608930880700,21293.7761636242,29689.70436649964,10463,4191,0.04191,0.09959923076923077,0.8764876923076922,0.07508615384615384,0.9010892307692308,0.9988700000000001,0.0,3001.47025,6097,1837.500562278809,1.94052,2,0.3396500104519354,130.07568,132,13.287300423246156,
0.1,1,62,13,30,5,1,2,26,45,8,1,132,3,72,8,7768800,19403.16637364671,90199.57894736843,10807,4199,0.04199,0.09518769230769229,0.9048123076923077,0.07182576923076923,0.9281742307692308,1.0,0.0,9381.581310000001,12704,1916.3395566831755,2.0,2,0.0,132.0,132,0.0,
0.1,1,62,13,30,5,1,2,26,45,8,1,132,3,72,8,8148000,20135.132712791477,101109.855,10421,4200,0.042,0.09535615384615384,0.9046438461538462,0.07162384615384615,0.9283761538461538,1.0,0.0,15871.88479,18925,1772.3579798834844,2.0,2,0.0,132.0,132,0.0,
0.1,1,62,13,30,5,1,2,26,45,8,1,132,3,72,8,7828800,20043.12332158842,110262.18954869358,10501,4210,0.0421,0.09579846153846153,0.9042015384615384,0.072365,0.927635,1.0,0.0,22030.20779,25218,1824.2940764178604,2.0,2,0.0,132.0,132,0.0,
0.1,1,62,13,30,5,1,2,26,45,8,1,132,3,72,8,7686300,20176.214939759036,71742.12177033492,10375,4180,0.0418,0.0948723076923077,0.9051276923076923,0.0714573076923077,0.9285426923076924,1.0,0.0,28324.80819,31413,1799.8364492305566,2.0,2,0.0,132.0,132,0.0,
0.1,1,62,13,30,5,1,2,26,45,8,1,132,3,72,8,7557400,20130.524353924488,126903.59122346768,10409,4193,0.04193,0.09552923076923076,0.9044707692307692,0.07155461538461538,0.9284453846153847,1.0,0.0,34557.82815,37628,1794.6323168877034,2.0,2,0.0,132.0,132,0.0,
0.1,1,62,13,30,5,1,2,26,45,8,1,132,3,72,8,11147300,19748.843052284505,92676.76143946617,10615,4196,0.04196,0.09593153846153846,0.9040684615384615,0.07182807692307693,0.928171923076923,1.0,0.0,40798.373080000005,44046,1835.805910163387,2.0,2,0.0,132.0,132,0.0,
0.1,1,62,13,30,5,1,2,26,45,8,1,132,3,72,8,8749500,20406.611779545896,97281.1308589103,10306,4203,0.04203,0.09507076923076924,0.9049292307692307,0.07191884615384615,0.928081153846154,1.0,0.0,47071.25095,50149,1774.2841004061302,2.0,2,0.0,132.0,132,0.0,
0.1,1,62,13,30,5,1,2,26,45,8,1,132,3,72,8,8889900,20074.462412837904,111066.48180737217,10469,4205,0.04205,0.09585076923076923,0.9041492307692308,0.07196192307692308,0.9280380769230769,1.0,0.0,53251.931359999995,56414,1804.0021421908507,2.0,2,0.0,132.0,132,0.0,
0.1,1,62,13,30,5,1,2,26,45,8,1,132,3,72,8,7796800,19863.056812801817,71488.38941849381,10561,4196,0.04196,0.09527384615384614,0.9047261538461538,0.07183,0.9281699999999999,1.0,0.0,59589.33204,62778,1799.9578674706142,2.0,2,0.0,132.0,132,0.0,
0.1,1,62,13,30,5,1,2,26,65,8,1,132,3,72,8,1558609014662100,21443.615925284037,29823.095919828203,10386,4191,0.04191,0.09917461538461537,0.882136923076923,0.10770846153846146,0.8759223076923076,0.99866,0.0,2943.04776,6019,1773.231718185467,1.95272,2,0.3036521062005008,130.58849,132,11.212839494075409,
0.1,1,62,13,30,5,1,2,26,65,8,1,132,3,72,8,8154500,19662.457335961702,89397.26342161775,10653,4191,0.04191,0.09520615384615386,0.9047938461538461,0.10389384615384614,0.8961061538461539,1.0,0.0,9242.66991,12481,1857.669664410384,2.0,2,0.0,132.0,132,0.0,
0.1,1,62,13,30,5,1,2,26,65,8,1,132,3,72,8,7599300,20245.411866859624,101942.26464983325,10365,4198,0.04198,0.09512,0.9048799999999999,0.10406884615384615,0.8959311538461538,1.0,0.0,15581.87577,18648,1764.5360454399581,2.0,2,0.0,132.0,132,0.0,
0.1,1,62,13,30,5,1,2,26,65,8,1,132,3,72,8,7806200,20039.401242829827,109331.45608591885,10460,4190,0.0419,0.09498846153846154,0.9050115384615385,0.10392153846153845,0.8960784615384616,1.0,0.0,21774.04261,24920,1823.4224486756714,2.0,2,0.0,132.0,132,0.0,
0.1,1,62,13,30,5,1,2,26,65,8,1,132,3,72,8,7684500,19935.549489988665,70035.17315914489,10588,4210,0.0421,0.09548846153846154,0.9045115384615384,0.10403153846153847,0.8959684615384617,1.0,0.0,28150.31382,31296,1832.2028931090015,2.0,2,0.0,132.0,132,0.0,
0.1,1,62,13,30,5,1,2,26,65,8,1,132,3,72,8,8213300,20097.071059184065,129531.40813898144,10442,4202,0.04202,0.09495230769230768,0.9050476923076923,0.1043153846153846,0.8956846153846154,1.0,0.0,34367.60035,37538,1790.1719633124153,2.0,2,0.0,132.0,132,0.0,
0.1,1,62,13,30,5,1,2,26,65,8,1,132,3,72,8,8204000,19682.923113030418,89703.05440229063,10652,4191,0.04191,0.09494923076923077,0.9050507692307692,0.10401807692307691,0.895981923076923,1.0,0.0,40763.63633,43997,1874.5667943965373,2.0,2,0.0,132.0,132,0.0,
0.1,1,62,13,30,5,1,2,26,65,8,1,132,3,72,8,8448800,19724.086208517438,101415.30023866349,10637,4190,0.0419,0.09448230769230768,0.9055176923076923,0.10407346153846153,0.8959265384615385,1.0,0.0,47188.41802,50444,1873.2471311975655,2.0,2,0.0,132.0,132,0.0,
0.1,1,62,13,30,5,1,2,26,65,8,1,132,3,72,8,7688000,19706.755211772474,108619.27570540411,10601,4182,0.04182,0.09493153846153844,0.9050684615384614,0.10371153846153845,0.8962884615384615,1.0,0.0,53625.716490000006,56863,1858.5807868186673,2.0,2,0.0,132.0,132,0.0,
0.1,1,62,13,30,5,1,2,26,65,8,1,132,3,72,8,8365600,19685.590602138436,71754.1204475125,10662,4201,0.04201,0.09546692307692309,0.9045330769230768,0.10403692307692307,0.895963076923077,1.0,0.0,60076.59711,63324,1855.3677028852267,2.0,2,0.0,132.0,132,0.0,
0.1,1,62,13,30,5,1,2,26,85,8,1,132,3,72,8,1558609094991800,21536.49031138533,29571.73465016659,10373,4202,0.04202,0.0994553846153846,0.8813530769230769,0.1416334615384616,0.843803076923077,0.9988933333333333,0.0,2887.10824,5995,1751.1271242043233,1.95112,2,0.3086919914737016,130.69397,132,10.57739550357731,
0.1,1,62,13,30,5,1,2,26,85,8,1,132,3,72,8,7894100,19714.989961534855,88475.39757316203,10659,4203,0.04203,0.09572538461538463,0.9042746153846154,0.13640192307692306,0.8635980769230769,1.0,0.0,9196.43106,12452,1850.3174051841127,2.0,2,0.0,132.0,132,0.0,
0.1,1,62,13,30,5,1,2,26,85,8,1,132,3,72,8,8041200,20463.701443057722,102242.43374642517,10256,4196,0.04196,0.09564230769230771,0.9043576923076924,0.13671884615384614,0.8632811538461538,1.0,0.0,15453.89566,18511,1765.578443132218,2.0,2,0.0,132.0,132,0.0,
0.1,1,62,13,30,5,1,2,26,85,8,1,132,3,72,8,8502300,19744.466578549847,108817.75453677172,10592,4188,0.04188,0.09509076923076923,0.9049092307692307,0.1358553846153846,0.8641446153846153,1.0,0.0,21694.28372,24915,1821.7391346466195,2.0,2,0.0,132.0,132,0.0,
0.1,1,62,13,30,5,1,2,26,85,8,1,132,3,72,8,7635300,20076.45434574976,69480.60671748452,10470,4198,0.04198,0.09529384615384616,0.9047061538461538,0.13620346153846155,0.8637965384615385,1.0,0.0,28032.66923,31188,1829.5246908039173,2.0,2,0.0,132.0,132,0.0,
0.1,1,62,13,30,5,1,2,26,85,8,1,132,3,72,8,7809600,19932.327771951568,128884.53715651135,10489,4185,0.04185,0.09498769230769231,0.9050123076923077,0.13603076923076923,0.8639692307692308,1.0,0.0,34344.25442,37491,1810.3368616670582,2.0,2,0.0,132.0,132,0.0,
0.1,1,62,13,30,5,1,2,26,85,8,1,132,3,72,8,8951000,19990.61912927503,88611.48201096022,10497,4197,0.04197,0.09515461538461538,0.9048453846153847,0.13631461538461537,0.8636853846153846,1.0,0.0,40599.53686,43791,1838.0784119404314,2.0,2,0.0,132.0,132,0.0,
0.1,1,62,13,30,5,1,2,26,85,8,1,132,3,72,8,8074700,19934.84997142313,103103.10531331904,10498,4197,0.04197,0.09530769230769232,0.9046923076923077,0.13693,0.86307,1.0,0.0,46937.69866,50092,1835.7751496995077,2.0,2,0.0,132.0,132,0.0,
0.1,1,62,13,30,5,1,2,26,85,8,1,132,3,72,8,7736400,20213.077820636452,108155.40943755957,10370,4196,0.04196,0.0952423076923077,0.9047576923076922,0.1362003846153846,0.8637996153846154,1.0,0.0,53201.82768,56266,1790.0387742855091,2.0,2,0.0,132.0,132,0.0,
0.1,1,62,13,30,5,1,2,26,85,8,1,132,3,72,8,8645700,19824.04491301059,70913.33349225268,10576,4195,0.04195,0.09484692307692308,0.9051530769230769,0.13647384615384614,0.8635261538461538,1.0,0.0,59452.894739999996,62649,1835.246178277083,2.0,2,0.0,132.0,132,0.0,
0.1,1,62,13,30,5,1,2,26,105,8,1,132,3,72,8,1558609176721700,21079.58907991687,29909.14656816015,10586,4196,0.04196,0.09874999999999999,0.882473846153846,0.1751915384615384,0.8117869230769231,0.9985933333333333,0.0,3005.38708,6215,1827.5111704252517,1.9517099999999998,2,0.3068192886700583,130.50286,132,11.895846830738822,
0.1,1,62,13,30,5,1,2,26,105,8,1,132,3,72,8,7790600,19983.312077018396,90143.93365155131,10491,4190,0.0419,0.09517846153846153,0.9048215384615385,0.16830538461538458,0.8316946153846154,1.0,0.0,9355.230510000001,12515,1812.2564467136315,2.0,2,0.0,132.0,132,0.0,
0.1,1,62,13,30,5,1,2,26,105,8,1,132,3,72,8,7838900,19681.91715755026,98765.71574447874,10695,4211,0.04211,0.09569846153846154,0.9043015384615385,0.16930307692307695,0.8306969230769231,1.0,0.0,15745.79406,19001,1869.65038671638,2.0,2,0.0,132.0,132,0.0,
0.1,1,62,13,30,5,1,2,26,105,8,1,132,3,72,8,8330500,20300.578534791446,110644.63171721996,10333,4187,0.04187,0.09524384615384615,0.9047561538461538,0.168545,0.8314549999999999,1.0,0.0,22114.98514,25145,1759.8538786499191,2.0,2,0.0,132.0,132,0.0,
0.1,1,62,13,30,5,1,2,26,105,8,1,132,3,72,8,8127100,20362.482367758188,70483.90666666666,10322,4200,0.042,0.09516000000000001,0.9048400000000001,0.16904423076923078,0.8309557692307692,1.0,0.0,28224.90884,31268,1767.6354498396186,2.0,2,0.0,132.0,132,0.0,
0.1,1,62,13,30,5,1,2,26,105,8,1,132,3,72,8,8211800,19984.69842931937,129562.20333730632,10505,4195,0.04195,0.09520769230769231,0.9047923076923077,0.1682876923076923,0.8317123076923078,1.0,0.0,34415.89575,37577,1806.4825982615178,2.0,2,0.0,132.0,132,0.0,
0.1,1,62,13,30,5,1,2,26,105,8,1,132,3,72,8,8296700,20165.58201666188,91369.84543939034,10443,4199,0.04199,0.09478538461538462,0.9052146153846153,0.16882000000000003,0.83118,1.0,0.0,40695.32787,43821,1795.1141290656922,2.0,2,0.0,132.0,132,0.0,
0.1,1,62,13,30,5,1,2,26,105,8,1,132,3,72,8,8197200,19681.986640323645,96190.42591267,10629,4191,0.04191,0.09531,0.90469,0.16855076923076923,0.8314492307692307,1.0,0.0,47024.89851,50260,1852.4443756533724,2.0,2,0.0,132.0,132,0.0,
0.1,1,62,13,30,5,1,2,26,105,8,1,132,3,72,8,7908900,19815.47262220538,112550.9262001433,10556,4187,0.04187,0.09475846153846156,0.9052415384615384,0.1683088461538462,0.8316911538461539,1.0,0.0,53474.163400000005,56628,1851.0298538759173,2.0,2,0.0,132.0,132,0.0,
0.1,1,62,13,30,5,1,2,26,105,8,1,132,3,72,8,7971700,19910.94218720334,71532.23542013807,10534,4201,0.04201,0.09590076923076925,0.9040992307692307,0.16878500000000002,0.831215,1.0,0.0,59805.47984,62961,1828.891803424523,2.0,2,0.0,132.0,132,0.0,
0.1,1,62,13,30,5,1,2,26,125,8,1,132,3,72,8,1558609258070800,20921.474263668017,29869.250178869544,10627,4193,0.04193,0.09882846153846153,0.8793838461538462,0.2084896153846153,0.7777111538461537,0.9981733333333334,0.0,3040.12782,6258,1860.3421772303197,1.9459099999999998,2,0.3240436265381567,130.25261999999998,132,12.727678623205538,
0.1,1,62,13,30,5,1,2,26,125,8,1,132,3,72,8,7703000,19872.51032001515,90487.29938124702,10562,4202,0.04202,0.09535307692307692,0.9046469230769231,0.2011230769230769,0.7988769230769232,1.0,0.0,9447.3778,12619,1840.720073750261,2.0,2,0.0,132.0,132,0.0,
0.1,1,62,13,30,5,1,2,26,125,8,1,132,3,72,8,7979200,19992.56678082192,98500.29172610557,10512,4206,0.04206,0.09568076923076924,0.9043192307692307,0.20119576923076923,0.7988042307692307,1.0,0.0,15762.65282,18925,1820.4405633104448,2.0,2,0.0,132.0,132,0.0,
0.1,1,62,13,30,5,1,2,26,125,8,1,132,3,72,8,8435600,19916.021353326374,111378.65005959476,10537,4195,0.04195,0.09504076923076922,0.9049592307692307,0.20057769230769226,0.7994223076923077,1.0,0.0,22067.461669999997,25266,1806.463415276098,2.0,2,0.0,132.0,132,0.0,
0.1,1,62,13,30,5,1,2,26,125,8,1,132,3,72,8,8152600,19775.588013569544,71493.74666666667,10612,4200,0.042,0.09536384615384616,0.9046361538461538,0.20100153846153848,0.7989984615384615,1.0,0.0,28461.58981,31678,1859.067177778724,2.0,2,0.0,132.0,132,0.0,
0.1,1,62,13,30,5,1,2,26,125,8,1,132,3,72,8,7556100,20013.514906181543,127449.7793382528,10499,4201,0.04201,0.09495307692307692,0.9050469230769231,0.2011076923076923,0.7988923076923077,1.0,0.0,34812.954079999996,37976,1828.906230568346,2.0,2,0.0,132.0,132,0.0,
0.1,1,62,13,30,5,1,2,26,125,8,1,132,3,72,8,8942400,20042.822548365577,91777.58331352507,10493,4207,0.04207,0.09534,0.90466,0.20145115384615384,0.7985488461538461,1.0,0.0,41126.86841,44262,1819.2891020543555,2.0,2,0.0,132.0,132,0.0,
0.1,1,62,13,30,5,1,2,26,125,8,1,132,3,72,8,7772000,19887.399106548808,97273.52987571702,10521,4184,0.04184,0.09479538461538461,0.9052046153846154,0.20045153846153846,0.7995484615384616,1.0,0.0,47434.33085,50600,1853.268458909477,2.0,2,0.0,132.0,132,0.0,
0.1,1,62,13,30,5,1,2,26,125,8,1,132,3,72,8,8213400,19894.549265054527,111750.60371959943,10545,4194,0.04194,0.09544846153846155,0.9045515384615386,0.2010642307692308,0.7989357692307693,1.0,0.0,53793.74078,56951,1845.4517428708,2.0,2,0.0,132.0,132,0.0,
0.1,1,62,13,30,5,1,2,26,125,8,1,132,3,72,8,7791100,19938.49267364415,71515.0617990933,10510,4191,0.04191,0.09536692307692306,0.9046330769230769,0.20071961538461539,0.7992803846153845,1.0,0.0,60093.47537,63272,1829.0715397582553,2.0,2,0.0,132.0,132,0.0,
0.1,1,62,13,30,5,1,2,26,145,8,1,132,3,72,8,1558609338899900,21827.597746202842,29681.392933874435,10205,4189,0.04189,0.09903615384615382,0.878549230769231,0.24169269230769233,0.7454707692307694,0.9979633333333333,0.0,2866.09028,5841,1728.8394894753883,1.9431699999999998,2,0.3321149666907534,130.07025,132,13.483227170729581,
0.1,1,62,13,30,5,1,2,26,145,8,1,132,3,72,8,7767600,19823.05862915408,88146.84922711058,10592,4205,0.04205,0.09519615384615385,0.9048038461538462,0.23382692307692304,0.7661730769230769,1.0,0.0,8981.59197,12228,1845.630328522351,2.0,2,0.0,132.0,132,0.0,
0.1,1,62,13,30,5,1,2,26,145,8,1,132,3,72,8,8836000,19883.278272400075,104641.71554391811,10558,4201,0.04201,0.09544230769230769,0.9045576923076923,0.2331546153846154,0.7668453846153847,1.0,0.0,15423.475620000001,18584,1820.050896800856,2.0,2,0.0,132.0,132,0.0,
0.1,1,62,13,30,5,1,2,26,145,8,1,132,3,72,8,9057800,20034.018275763086,106801.59861343533,10451,4183,0.04183,0.0952453846153846,0.9047546153846154,0.23207384615384613,0.7679261538461538,1.0,0.0,21671.00456,24853,1792.4756810286513,2.0,2,0.0,132.0,132,0.0,
0.1,1,62,13,30,5,1,2,26,145,8,1,132,3,72,8,8188300,20242.32937656823,72367.31507501786,10362,4199,0.04199,0.0954123076923077,0.9045876923076924,0.23332384615384616,0.7666761538461538,1.0,0.0,27902.311429999998,31015,1754.666645708391,2.0,2,0.0,132.0,132,0.0,
0.1,1,62,13,30,5,1,2,26,145,8,1,132,3,72,8,7727600,19698.150075272864,128437.60038195274,10628,4189,0.04189,0.09508615384615383,0.9049138461538462,0.23282769230769226,0.7671723076923077,1.0,0.0,34220.990679999995,37454,1870.458343982438,2.0,2,0.0,132.0,132,0.0,
0.1,1,62,13,30,5,1,2,26,145,8,1,132,3,72,8,9346900,19604.104283576507,88701.1791080372,10692,4193,0.04193,0.09504307692307692,0.9049569230769231,0.23274999999999998,0.76725,1.0,0.0,40676.51729,43953,1868.9882272023115,2.0,2,0.0,132.0,132,0.0,
0.1,1,62,13,30,5,1,2,26,145,8,1,132,3,72,8,7652400,20004.708194536975,101706.41579448145,10507,4204,0.04204,0.09493384615384616,0.9050661538461539,0.23347730769230765,0.7665226923076923,1.0,0.0,47132.754740000004,50256,1802.3375939005539,2.0,2,0.0,132.0,132,0.0,
0.1,1,62,13,30,5,1,2,26,145,8,1,132,3,72,8,8198900,19858.12266210956,107944.16555183947,10533,4186,0.04186,0.09493692307692309,0.9050630769230769,0.23289038461538458,0.7671096153846153,1.0,0.0,53452.134,56603,1860.6422729702724,2.0,2,0.0,132.0,132,0.0,
0.1,1,62,13,30,5,1,2,26,145,8,1,132,3,72,8,7701500,19719.353190687154,71693.99093295156,10609,4191,0.04191,0.09520923076923078,0.9047907692307693,0.2330926923076923,0.7669073076923077,1.0,0.0,59814.82714,63022,1859.990612599823,2.0,2,0.0,132.0,132,0.0,
0.1,1,62,13,30,5,1,2,26,165,8,1,132,3,72,8,1558609421916500,20782.512238415544,30877.137526907438,10704,4181,0.04181,0.09913538461538461,0.8848738461538459,0.2749307692307693,0.7187438461538461,0.9979166666666668,0.0,3154.61439,6348,1880.638744111938,1.9619499999999999,2,0.27173920861738066,130.62574,132,11.262080156542973,
0.1,1,62,13,30,5,1,2,26,165,8,1,132,3,72,8,7647000,20093.493818878775,91769.48891537545,10435,4195,0.04195,0.09522769230769232,0.9047723076923078,0.2657573076923077,0.7342426923076923,1.0,0.0,9436.87405,12587,1813.8647588358376,2.0,2,0.0,132.0,132,0.0,
0.1,1,62,13,30,5,1,2,26,165,8,1,132,3,72,8,8647500,19679.490943219145,97010.65174958343,10655,4201,0.04201,0.09534153846153845,0.9046584615384615,0.26588192307692304,0.734118076923077,1.0,0.0,15847.60385,19041,1857.90854311378,2.0,2,0.0,132.0,132,0.0,
0.1,1,62,13,30,5,1,2,26,165,8,1,132,3,72,8,7946900,20120.159543886548,111165.55708848716,10436,4204,0.04204,0.09508846153846154,0.9049115384615385,0.26605500000000004,0.7339450000000001,1.0,0.0,22156.67398,25274,1802.3472494031205,2.0,2,0.0,132.0,132,0.0,
0.1,1,62,13,30,5,1,2,26,165,8,1,132,3,72,8,8270000,19921.259725508757,71200.00356463878,10565,4208,0.04208,0.09526,0.9047400000000001,0.2662565384615384,0.7337434615384615,1.0,0.0,28494.43831,31630,1804.744291254107,2.0,2,0.0,132.0,132,0.0,
0.1,1,62,13,30,5,1,2,26,165,8,1,132,3,72,8,7675800,20266.531789676796,129030.59990462566,10365,4194,0.04194,0.09525384615384615,0.904746153846154,0.265475,0.7345250000000001,1.0,0.0,34712.94064,37802,1783.988729385999,2.0,2,0.0,132.0,132,0.0,
0.1,1,62,13,30,5,1,2,26,165,8,1,132,3,72,8,8673600,20320.32783385093,92465.50370193456,10304,4187,0.04187,0.0953376923076923,0.9046623076923077,0.2648073076923077,0.7351926923076922,1.0,0.0,40843.65016999999,43919,1779.8466932883084,2.0,2,0.0,132.0,132,0.0,
0.1,1,62,13,30,5,1,2,26,165,8,1,132,3,72,8,7702000,19947.22951910283,95775.43312708235,10522,4202,0.04202,0.0950976923076923,0.9049023076923076,0.26596884615384614,0.7340311538461539,1.0,0.0,47110.69429,50238,1818.297143547115,2.0,2,0.0,132.0,132,0.0,
0.1,1,62,13,30,5,1,2,26,165,8,1,132,3,72,8,8486800,19901.9233178324,112507.65465393795,10537,4190,0.0419,0.09497076923076923,0.9050292307692308,0.2649261538461538,0.7350738461538461,1.0,0.0,53383.233570000004,56586,1851.8141992420774,2.0,2,0.0,132.0,132,0.0,
0.1,1,62,13,30,5,1,2,26,165,8,1,132,3,72,8,7879300,19592.060557991976,72497.3838095238,10717,4200,0.042,0.09556,0.9044399999999999,0.26594153846153845,0.7340584615384615,1.0,0.0,59828.81339,63102,1885.969612487615,2.0,2,0.0,132.0,132,0.0,
0.1,1,62,13,30,5,1,2,26,185,8,1,132,3,72,8,1558609503529600,21227.34288169579,30074.637407318824,10473,4181,0.04181,0.09928000000000002,0.8826507692307692,0.3077869230769231,0.6853526923076922,0.9973666666666667,0.0,3005.3702,6117,1814.963173486438,1.95858,2,0.2832390926408289,130.13037,132,13.522554258094084,
0.1,1,62,13,30,5,1,2,26,185,8,1,132,3,72,8,7792500,19994.128442115292,90246.66626965221,10495,4198,0.04198,0.09546,0.90454,0.29761615384615386,0.7023838461538462,1.0,0.0,9221.66911,12414,1812.431711580271,2.0,2,0.0,132.0,132,0.0,
0.1,1,62,13,30,5,1,2,26,185,8,1,132,3,72,8,8113400,19901.807560790272,100206.22878932317,10528,4196,0.04196,0.09577999999999999,0.90422,0.298188076923077,0.7018119230769231,1.0,0.0,15594.49868,18745,1829.7504146080298,2.0,2,0.0,132.0,132,0.0,
0.1,1,62,13,30,5,1,2,26,185,8,1,132,3,72,8,8092300,20340.83199458047,109356.15002377555,10333,4206,0.04206,0.09556846153846153,0.9044315384615385,0.2981053846153846,0.7018946153846154,1.0,0.0,21827.213219999998,24873,1775.850832614405,2.0,2,0.0,132.0,132,0.0,
0.1,1,62,13,30,5,1,2,26,185,8,1,132,3,72,8,8321600,19675.600603147675,69653.28035372849,10611,4184,0.04184,0.0949,0.9051000000000001,0.2968734615384615,0.7031265384615384,1.0,0.0,28044.92481,31300,1868.7174400953413,2.0,2,0.0,132.0,132,0.0,
0.1,1,62,13,30,5,1,2,26,185,8,1,132,3,72,8,7806500,20365.833058652446,129985.85146393716,10315,4201,0.04201,0.09532153846153846,0.9046784615384614,0.29801,0.7019899999999999,1.0,0.0,34336.51188,37415,1776.93374640108,2.0,2,0.0,132.0,132,0.0,
0.1,1,62,13,30,5,1,2,26,185,8,1,132,3,72,8,8990900,19899.881079027356,89993.0410403245,10528,4191,0.04191,0.09518846153846156,0.9048115384615385,0.2975269230769231,0.7024730769230769,1.0,0.0,40572.97794,43751,1825.5302763618176,2.0,2,0.0,132.0,132,0.0,
0.1,1,62,13,30,5,1,2,26,185,8,1,132,3,72,8,7715000,19877.603512102516,99700.30914299356,10535,4189,0.04189,0.09499461538461539,0.9050053846153846,0.2970680769230769,0.702931923076923,1.0,0.0,46925.97272,50096,1838.689667544745,2.0,2,0.0,132.0,132,0.0,
0.1,1,62,13,30,5,1,2,26,185,8,1,132,3,72,8,8009500,19695.563186039966,109831.9895213146,10659,4199,0.04199,0.09549615384615384,0.9045038461538462,0.29800461538461537,0.7019953846153846,1.0,0.0,53370.03552,56557,1866.849526720993,2.0,2,0.0,132.0,132,0.0,
0.1,1,62,13,30,5,1,2,26,185,8,1,132,3,72,8,7878300,19917.42076813656,72528.64823641564,10545,4196,0.04196,0.0956153846153846,0.9043846153846153,0.29771423076923076,0.7022857692307694,1.0,0.0,59750.916390000006,62906,1841.466090032275,2.0,2,0.0,132.0,132,0.0,
0.1,1,62,13,30,5,1,2,31,5,8,1,132,3,72,8,1558609584600900,21355.505407216002,29737.364350309377,10449,4202,0.04202,0.09926,0.8787776923076922,0.009841935483870969,0.9664854838709678,0.9993566666666668,0.0,2947.1544299999996,6066,1796.27134734187,1.9436,2,0.331057457248738,130.57183999999998,132,11.485386324125288,
0.1,1,62,13,30,5,1,2,31,5,8,1,132,3,72,8,7895200,19810.812741494676,89165.69595238095,10611,4200,0.042,0.09528538461538463,0.9047146153846153,0.009646451612903225,0.9903535483870969,1.0,0.0,9278.84751,12477,1839.488621377369,2.0,2,0.0,132.0,132,0.0,
0.1,1,62,13,30,5,1,2,31,5,8,1,132,3,72,8,8946000,19951.134796238246,101520.1672224869,10527,4198,0.04198,0.09517615384615384,0.9048238461538461,0.009550000000000001,0.9904499999999999,1.0,0.0,15660.72461,18806,1822.7377832618588,2.0,2,0.0,132.0,132,0.0,
0.1,1,62,13,30,5,1,2,31,5,8,1,132,3,72,8,8495500,19952.899131596525,109751.20817399617,10479,4184,0.04184,0.09507230769230769,0.9049276923076923,0.009451612903225807,0.9905483870967742,1.0,0.0,21935.573,25102,1816.9309716582404,2.0,2,0.0,132.0,132,0.0,
0.1,1,62,13,30,5,1,2,31,5,8,1,132,3,72,8,8169200,20030.407912297425,70023.61670235546,10490,4203,0.04203,0.09552999999999999,0.90447,0.009793225806451613,0.9902067741935484,1.0,0.0,28207.73373,31388,1837.5512564035432,2.0,2,0.0,132.0,132,0.0,
0.1,1,62,13,30,5,1,2,31,5,8,1,132,3,72,8,7952400,19656.1030183727,129752.96539379474,10668,4190,0.0419,0.09488846153846153,0.9051115384615384,0.00954258064516129,0.9904574193548388,1.0,0.0,34701.05366,37868,1867.5331403969412,2.0,2,0.0,132.0,132,0.0,
0.1,1,62,13,30,5,1,2,31,5,8,1,132,3,72,8,8551600,19867.935435151972,90871.01903402332,10594,4203,0.04203,0.09557,0.9044300000000001,0.009669354838709678,0.9903306451612903,1.0,0.0,41076.76097,44257,1844.974988652838,2.0,2,0.0,132.0,132,0.0,
0.1,1,62,13,30,5,1,2,31,5,8,1,132,3,72,8,8290900,19733.14078811248,98873.54508587786,10633,4192,0.04192,0.09528692307692307,0.9047130769230769,0.009616129032258064,0.990383870967742,1.0,0.0,47509.4677,50700,1867.4716661615887,2.0,2,0.0,132.0,132,0.0,
0.1,1,62,13,30,5,1,2,31,5,8,1,132,3,72,8,8121500,20528.701586058352,110422.8600333254,10214,4201,0.04201,0.09539846153846154,0.9046015384615385,0.00976483870967742,0.9902351612903225,1.0,0.0,53718.94305,56711,1748.6881183121575,2.0,2,0.0,132.0,132,0.0,
0.1,1,62,13,30,5,1,2,31,5,8,1,132,3,72,8,7769500,19810.155925155927,70237.94259171034,10582,4198,0.04198,0.09520846153846153,0.9047915384615385,0.009652580645161288,0.9903474193548386,1.0,0.0,59882.524020000004,63096,1828.2326532043276,2.0,2,0.0,132.0,132,0.0,
0.1,1,62,13,30,5,1,2,31,25,8,1,132,3,72,8,1558609667227500,21247.940106646354,29390.47251962884,10502,4203,0.04203,0.0993046153846154,0.8760753846153845,0.0345358064516129,0.9401674193548385,0.9993966666666667,0.0,2945.3864,6118,1826.1906769707923,1.93949,2,0.34215280197595926,130.24889,132,12.573442796939174,
0.1,1,62,13,30,5,1,2,31,25,8,1,132,3,72,8,7866200,19801.62653795192,89251.59780272271,10566,4187,0.04187,0.09500307692307694,0.9049969230769231,0.03315129032258064,0.9668487096774193,1.0,0.0,9306.16671,12497,1878.6588389906747,2.0,2,0.0,132.0,132,0.0,
0.1,1,62,13,30,5,1,2,31,25,8,1,132,3,72,8,8300000,19919.795161290323,100159.85319351763,10540,4196,0.04196,0.09512153846153847,0.9048784615384615,0.03314129032258065,0.9668587096774194,1.0,0.0,15715.858639999999,18841,1813.8057284939312,2.0,2,0.0,132.0,132,0.0,
0.1,1,62,13,30,5,1,2,31,25,8,1,132,3,72,8,7922700,20145.875359264228,109865.06135552913,10438,4205,0.04205,0.09603153846153846,0.9039684615384616,0.03365806451612903,0.966341935483871,1.0,0.0,21938.187439999998,25075,1812.9762347273916,2.0,2,0.0,132.0,132,0.0,
0.1,1,62,13,30,5,1,2,31,25,8,1,132,3,72,8,7887000,19999.323134114955,70799.74140401147,10491,4188,0.04188,0.09523769230769231,0.9047623076923077,0.03306096774193549,0.9669390322580645,1.0,0.0,28188.19131,31377,1809.858125591811,2.0,2,0.0,132.0,132,0.0,
0.1,1,62,13,30,5,1,2,31,25,8,1,132,3,72,8,8438600,19945.202647366918,129819.37383623776,10501,4189,0.04189,0.09549076923076924,0.9045092307692308,0.033074516129032255,0.9669254838709677,1.0,0.0,34566.16473,37689,1844.449815043625,2.0,2,0.0,132.0,132,0.0,
0.1,1,62,13,30,5,1,2,31,25,8,1,132,3,72,8,8828600,20330.409993221652,91539.70512514899,10327,4195,0.04195,0.09540615384615385,0.9045938461538461,0.03295354838709678,0.9670464516129031,1.0,0.0,40777.22842,43822,1783.8340465033205,2.0,2,0.0,132.0,132,0.0,
0.1,1,62,13,30,5,1,2,31,25,8,1,132,3,72,8,8389400,19675.55626227668,98277.40052231718,10691,4212,0.04212,0.09546769230769231,0.9045323076923076,0.03338903225806452,0.9666109677419354,1.0,0.0,47019.45112,50301,1871.6203717183632,2.0,2,0.0,132.0,132,0.0,
0.1,1,62,13,30,5,1,2,31,25,8,1,132,3,72,8,8812900,20048.755209329,110294.4879675959,10462,4197,0.04197,0.0954923076923077,0.9045076923076922,0.03327967741935484,0.9667203225806452,1.0,0.0,53412.84435,56566,1818.1061200390031,2.0,2,0.0,132.0,132,0.0,
0.1,1,62,13,30,5,1,2,31,25,8,1,132,3,72,8,7811400,19665.724374003563,70367.38637446403,10663,4198,0.04198,0.09549076923076923,0.9045092307692308,0.03336645161290323,0.9666335483870968,1.0,0.0,59742.46826,63031,1858.0143974932564,2.0,2,0.0,132.0,132,0.0,
0.1,1,62,13,30,5,1,2,31,45,8,1,132,3,72,8,1558609750631100,21458.779235816288,29411.381783409037,10364,4183,0.04183,0.09907999999999996,0.8818500000000001,0.06212225806451611,0.9185764516129032,0.99894,0.0,2917.2221900000004,6000,1792.3807798628065,1.95202,2,0.30577429519173105,130.58561,132,11.285996231077657,
0.1,1,62,13,30,5,1,2,31,45,8,1,132,3,72,8,8339400,20328.32169527689,89110.26340882003,10311,4195,0.04195,0.09517230769230768,0.9048276923076923,0.06019451612903226,0.9398054838709676,1.0,0.0,9043.897659999999,12116,1766.7274373616751,2.0,2,0.0,132.0,132,0.0,
0.1,1,62,13,30,5,1,2,31,45,8,1,132,3,72,8,9280400,20069.715596330276,102232.94930985245,10464,4202,0.04202,0.09514846153846154,0.9048515384615384,0.06019322580645162,0.9398067741935484,1.0,0.0,15237.31323,18379,1811.943517595674,2.0,2,0.0,132.0,132,0.0,
0.1,1,62,13,30,5,1,2,31,45,8,1,132,3,72,8,8721300,19902.533852435667,107488.65354330708,10531,4191,0.04191,0.09487692307692307,0.9051230769230769,0.06004903225806451,0.9399509677419355,1.0,0.0,21494.39549,24718,1816.7426598001525,2.0,2,0.0,132.0,132,0.0,
0.1,1,62,13,30,5,1,2,31,45,8,1,132,3,72,8,8476000,20097.084002293577,75125.97619614378,10464,4201,0.04201,0.09510230769230768,0.9048976923076922,0.06050774193548387,0.9394922580645161,1.0,0.0,27890.01652,30982,1821.0547619626861,2.0,2,0.0,132.0,132,0.0,
0.1,1,62,13,30,5,1,2,31,45,8,1,132,3,72,8,7972600,20030.9518129771,126669.96568160152,10480,4196,0.04196,0.09529923076923077,0.9047007692307693,0.0599825806451613,0.9400174193548387,1.0,0.0,34100.94636,37265,1830.639932718256,2.0,2,0.0,132.0,132,0.0,
0.1,1,62,13,30,5,1,2,31,45,8,1,132,3,72,8,8699900,20219.58631325301,86379.30620985011,10375,4203,0.04203,0.09491384615384615,0.9050861538461539,0.0601483870967742,0.9398516129032258,1.0,0.0,40351.48912,43439,1783.5634911607904,2.0,2,0.0,132.0,132,0.0,
0.1,1,62,13,30,5,1,2,31,45,8,1,132,3,72,8,10321200,19869.475803402645,105176.41733966746,10580,4210,0.0421,0.09596076923076922,0.9040392307692309,0.06034806451612903,0.9396519354838709,1.0,0.0,46609.50048,49807,1833.0495858539227,2.0,2,0.0,132.0,132,0.0,
0.1,1,62,13,30,5,1,2,31,45,8,1,132,3,72,8,8386500,20168.143790221882,105783.61175910497,10411,4201,0.04201,0.0956976923076923,0.9043023076923077,0.06064709677419354,0.9393529032258064,1.0,0.0,52929.04026,56018,1785.7513455794808,2.0,2,0.0,132.0,132,0.0,
0.1,1,62,13,30,5,1,2,31,45,8,1,132,3,72,8,8575900,20099.523709167544,74306.4810578985,10439,4197,0.04197,0.09517999999999999,0.9048200000000001,0.06033935483870967,0.9396606451612903,1.0,0.0,59161.78918,62259,1785.721406932032,2.0,2,0.0,132.0,132,0.0,
0.1,1,62,13,30,5,1,2,31,65,8,1,132,3,72,8,1558609838699200,21536.86797372996,29597.543286429765,10354,4193,0.04193,0.0992715384615385,0.8773184615384615,0.09100645161290324,0.8863238709677418,0.9988766666666665,0.0,2895.06858,5981,1760.894432167012,1.9413,2,0.3374823106475361,130.00836,132,13.61813607328103,
0.1,1,62,13,30,5,1,2,31,65,8,1,132,3,72,8,9400100,20077.336387934327,88759.37494044783,10476,4198,0.04198,0.09483461538461538,0.9051653846153846,0.08740129032258065,0.9125987096774193,1.0,0.0,9110.53776,12260,1790.8082563898886,2.0,2,0.0,132.0,132,0.0,
0.1,1,62,13,30,5,1,2,31,65,8,1,132,3,72,8,10256200,19776.520735597675,102610.29981024668,10658,4216,0.04216,0.09570384615384617,0.9042961538461538,0.0873141935483871,0.9126858064516129,1.0,0.0,15454.30801,18700,1864.5696603291062,2.0,2,0.0,132.0,132,0.0,
0.1,1,62,13,30,5,1,2,31,65,8,1,132,3,72,8,12273800,19742.593284285984,108073.58777167423,10602,4187,0.04187,0.09477615384615384,0.9052238461538462,0.08715129032258066,0.9128487096774194,1.0,0.0,21940.74268,25115,1852.0543240592253,2.0,2,0.0,132.0,132,0.0,
0.1,1,62,13,30,5,1,2,31,65,8,1,132,3,72,8,12067700,19601.94067083995,72461.0342938795,10703,4199,0.04199,0.09531846153846153,0.9046815384615385,0.08741225806451612,0.9125877419354838,1.0,0.0,28350.592139999997,31619,1881.3764218386536,2.0,2,0.0,132.0,132,0.0,
0.1,1,62,13,30,5,1,2,31,65,8,1,132,3,72,8,13125800,20240.724127963,128244.84822492256,10378,4197,0.04197,0.09571769230769228,0.9042823076923077,0.08730064516129034,0.9126993548387098,1.0,0.0,34741.36456,37801,1787.7538922166416,2.0,2,0.0,132.0,132,0.0,
0.1,1,62,13,30,5,1,2,31,65,8,1,132,3,72,8,10703800,19906.14047709201,88716.96952380953,10564,4200,0.042,0.09509076923076921,0.9049092307692307,0.08750258064516128,0.9124974193548387,1.0,0.0,40977.11461,44164,1815.156146697785,2.0,2,0.0,132.0,132,0.0,
0.1,1,62,13,30,5,1,2,31,65,8,1,132,3,72,8,11975500,20153.221891216606,100363.23868508813,10406,4198,0.04198,0.09540230769230769,0.9045976923076923,0.08747709677419355,0.9125229032258064,1.0,0.0,47290.74465,50373,1820.5124353451902,2.0,2,0.0,132.0,132,0.0,
0.1,1,62,13,30,5,1,2,31,65,8,1,132,3,72,8,12484000,19834.238279043493,110663.72727272728,10622,4213,0.04213,0.09548461538461539,0.9045153846153847,0.0875258064516129,0.9124741935483871,1.0,0.0,53547.68862,56781,1859.4422614005316,2.0,2,0.0,132.0,132,0.0,
0.1,1,62,13,30,5,1,2,31,65,8,1,132,3,72,8,16295800,20000.07643068692,70457.8488538682,10467,4188,0.04188,0.09464846153846153,0.9053515384615385,0.08735354838709679,0.9126464516129033,1.0,0.0,59951.73511,63060,1811.5976846483793,2.0,2,0.0,132.0,132,0.0,
0.1,1,62,13,30,5,1,2,31,85,8,1,132,3,72,8,1558609958048700,21197.92468101314,29949.813770021516,10502,4183,0.04183,0.09916615384615382,0.88198,0.11806419354838711,0.8659948387096775,0.9987266666666668,0.0,2979.38399,6140,1804.6808417893951,1.95189,2,0.30616242078347966,130.5745,132,11.477440905968368,
0.1,1,62,13,30,5,1,2,31,85,8,1,132,3,72,8,8658400,19616.596929701394,89872.59322033898,10683,4189,0.04189,0.09505076923076923,0.9049492307692308,0.11430903225806453,0.8856909677419356,1.0,0.0,9412.810379999999,12632,1879.3040557675256,2.0,2,0.0,132.0,132,0.0,
0.1,1,62,13,30,5,1,2,31,85,8,1,132,3,72,8,9255100,19725.77037315537,99979.8080952381,10639,4200,0.042,0.09528076923076924,0.9047192307692308,0.11451774193548388,0.8854822580645162,1.0,0.0,15838.6407,19071,1855.8070126291454,2.0,2,0.0,132.0,132,0.0,
0.1,1,62,13,30,5,1,2,31,85,8,1,132,3,72,8,9023800,19917.255036107945,110926.41849380362,10524,4196,0.04196,0.09500769230769232,0.9049923076923078,0.11434129032258065,0.8856587096774193,1.0,0.0,22225.44027,25400,1825.5444487637994,2.0,2,0.0,132.0,132,0.0,
0.1,1,62,13,30,5,1,2,31,85,8,1,132,3,72,8,8655900,19720.363679112197,71573.84496308645,10633,4199,0.04199,0.09495769230769231,0.9050423076923078,0.11438741935483872,0.8856125806451614,1.0,0.0,28606.87366,31833,1867.633187346496,2.0,2,0.0,132.0,132,0.0,
0.1,1,62,13,30,5,1,2,31,85,8,1,132,3,72,8,10794600,19674.062224307836,127535.52754590985,10655,4193,0.04193,0.09499307692307692,0.9050069230769231,0.1144467741935484,0.8855532258064516,1.0,0.0,35027.12351,38295,1867.0203095241573,2.0,2,0.0,132.0,132,0.0,
0.1,1,62,13,30,5,1,2,31,85,8,1,132,3,72,8,8614400,19857.177088260334,92423.96472831268,10571,4196,0.04196,0.09510076923076924,0.9048992307692308,0.11410580645161292,0.8858941935483872,1.0,0.0,41501.68594,44670,1842.1241601168217,2.0,2,0.0,132.0,132,0.0,
0.1,1,62,13,30,5,1,2,31,85,8,1,132,3,72,8,10966600,20220.900203271707,94898.70690891704,10331,4183,0.04183,0.09447461538461538,0.9055253846153846,0.11382064516129033,0.8861793548387097,1.0,0.0,47754.81001,50818,1773.1209567408807,2.0,2,0.0,132.0,132,0.0,
0.1,1,62,13,30,5,1,2,31,85,8,1,132,3,72,8,12173200,19485.44724131525,113253.129078352,10766,4199,0.04199,0.09504,0.9049599999999999,0.11440806451612903,0.8855919354838709,1.0,0.0,54116.92523,57386,1883.2689469428933,2.0,2,0.0,132.0,132,0.0,
0.1,1,62,13,30,5,1,2,31,85,8,1,132,3,72,8,12447600,20327.81943233556,73337.10947168015,10323,4202,0.04202,0.09517230769230768,0.9048276923076923,0.1147367741935484,0.8852632258064516,1.0,0.0,60496.454920000004,63506,1786.048071997918,2.0,2,0.0,132.0,132,0.0,
0.1,1,62,13,30,5,1,2,31,105,8,1,132,3,72,8,1558610062347300,21229.14544933626,29729.269461077845,10471,4175,0.04175,0.09895076923076924,0.8769292307692307,0.14622645161290324,0.8359574193548387,0.9984500000000001,0.0,2957.82344,6116,1816.6856910612155,1.9414099999999999,2,0.33686378834775377,130.15208,132,13.35168272816567,
0.1,1,62,13,30,5,1,2,31,105,8,1,132,3,72,8,12685600,19769.08567124835,89418.93363463368,10622,4204,0.04204,0.09558461538461539,0.9044153846153846,0.14178709677419357,0.8582129032258063,1.0,0.0,9327.419969999999,12533,1848.9908057465352,2.0,2,0.0,132.0,132,0.0,
0.1,1,62,13,30,5,1,2,31,105,8,1,132,3,72,8,12390800,19768.76139788998,100628.89749702027,10616,4195,0.04195,0.09510769230769231,0.9048923076923077,0.14133677419354837,0.8586632258064517,1.0,0.0,15798.319959999999,18955,1842.5192207099608,2.0,2,0.0,132.0,132,0.0,
0.1,1,62,13,30,5,1,2,31,105,8,1,132,3,72,8,11880000,19671.623200677393,110312.82317801673,10629,4185,0.04185,0.09514769230769231,0.9048523076923077,0.14110645161290322,0.8588935483870969,1.0,0.0,22196.86884,25399,1877.2727558607785,2.0,2,0.0,132.0,132,0.0,
0.1,1,62,13,30,5,1,2,31,105,8,1,132,3,72,8,14127200,20114.22681596325,70769.25262154432,10449,4196,0.04196,0.09532692307692307,0.9046730769230769,0.1417135483870968,0.8582864516129033,1.0,0.0,28563.23467,31652,1795.8266959536877,2.0,2,0.0,132.0,132,0.0,
0.1,1,62,13,30,5,1,2,31,105,8,1,132,3,72,8,11479600,19956.214183722037,129161.31944775053,10505,4201,0.04201,0.09533923076923076,0.9046607692307693,0.14158806451612904,0.8584119354838711,1.0,0.0,34800.48874,37956,1833.4953089312828,2.0,2,0.0,132.0,132,0.0,
0.1,1,62,13,30,5,1,2,31,105,8,1,132,3,72,8,12638600,20155.930395545314,92258.20781696854,10416,4196,0.04196,0.09509538461538461,0.9049046153846153,0.1415041935483871,0.8584958064516129,1.0,0.0,41037.07889,44176,1778.8301032551637,2.0,2,0.0,132.0,132,0.0,
0.1,1,62,13,30,5,1,2,31,105,8,1,132,3,72,8,11275200,19890.900910297743,96869.03981878875,10546,4194,0.04194,0.09541461538461539,0.9045853846153846,0.1413541935483871,0.8586458064516129,1.0,0.0,47323.84214,50527,1839.7126668532806,2.0,2,0.0,132.0,132,0.0,
0.1,1,62,13,30,5,1,2,31,105,8,1,132,3,72,8,16559600,19581.568660647103,112801.66850431448,10632,4172,0.04172,0.09427923076923077,0.9057207692307693,0.14024612903225805,0.8597538709677418,1.0,0.0,53721.85758,56987,1856.043275237927,2.0,2,0.0,132.0,132,0.0,
0.1,1,62,13,30,5,1,2,31,105,8,1,132,3,72,8,12367100,19975.306399235913,73702.30682903534,10470,4188,0.04188,0.09495923076923077,0.9050407692307693,0.14080419354838714,0.8591958064516129,1.0,0.0,60124.21067,63272,1810.5690134895146,2.0,2,0.0,132.0,132,0.0,
0.1,1,62,13,30,5,1,2,31,125,8,1,132,3,72,8,1558610190318200,21536.13062409289,29559.974976167778,10335,4196,0.04196,0.0992146153846154,0.8812492307692309,0.17500870967741938,0.811273870967742,0.9982166666666666,0.0,2941.86441,5959,1784.5480659274356,1.94986,2,0.3124835682079944,130.56359999999998,132,11.082458889614884,
0.1,1,62,13,30,5,1,2,31,125,8,1,132,3,72,8,11684500,19635.907588910668,89564.00023764258,10713,4208,0.04208,0.09507307692307693,0.9049269230769231,0.16915290322580648,0.8308470967741935,1.0,0.0,9209.24545,12465,1884.0443484919056,2.0,2,0.0,132.0,132,0.0,
0.1,1,62,13,30,5,1,2,31,125,8,1,132,3,72,8,11318700,19793.984891406988,103246.64370829362,10590,4196,0.04196,0.09519769230769232,0.9048023076923077,0.16841548387096775,0.8315845161290322,1.0,0.0,15645.30761,18857,1834.7782469677559,2.0,2,0.0,132.0,132,0.0,
0.1,1,62,13,30,5,1,2,31,125,8,1,132,3,72,8,11573700,20127.29224137931,108683.3761598858,10440,4203,0.04203,0.0951146153846154,0.9048853846153846,0.16852870967741937,0.8314712903225806,1.0,0.0,21974.98948,25094,1810.6619745632688,2.0,2,0.0,132.0,132,0.0,
0.1,1,62,13,30,5,1,2,31,125,8,1,132,3,72,8,15794700,19766.097563279185,69813.64106844741,10588,4193,0.04193,0.09541461538461539,0.9045853846153846,0.16826870967741933,0.8317312903225806,1.0,0.0,28300.91242,31489,1840.3447350509757,2.0,2,0.0,132.0,132,0.0,
0.1,1,62,13,30,5,1,2,31,125,8,1,132,3,72,8,11682500,19984.460511255245,130039.84128878282,10484,4190,0.0419,0.09491999999999999,0.90508,0.1681754838709677,0.8318245161290323,1.0,0.0,34658.99325,37785,1795.7128327281507,2.0,2,0.0,132.0,132,0.0,
0.1,1,62,13,30,5,1,2,31,125,8,1,132,3,72,8,11765700,20049.847404149536,90465.58012897063,10459,4187,0.04187,0.09488461538461539,0.9051153846153847,0.1681816129032258,0.8318183870967741,1.0,0.0,40898.92041,44056,1818.8680697883142,2.0,2,0.0,132.0,132,0.0,
0.1,1,62,13,30,5,1,2,31,125,8,1,132,3,72,8,10335600,20090.8638798546,98063.12874821514,10454,4202,0.04202,0.09538538461538462,0.9046146153846154,0.16875870967741935,0.8312412903225807,1.0,0.0,47182.48078,50307,1762.0446454703224,2.0,2,0.0,132.0,132,0.0,
0.1,1,62,13,30,5,1,2,31,125,8,1,132,3,72,8,9834400,19995.842340627973,110840.62005717008,10510,4198,0.04198,0.0957323076923077,0.9042676923076923,0.16867096774193546,0.8313290322580645,1.0,0.0,53480.33666,56619,1865.9886749227746,2.0,2,0.0,132.0,132,0.0,
0.1,1,62,13,30,5,1,2,31,125,8,1,132,3,72,8,11943100,20003.028527812232,70950.44304099142,10481,4196,0.04196,0.09543461538461538,0.9045653846153846,0.16854838709677422,0.8314516129032258,1.0,0.0,59744.45505,62904,1805.2114645824654,2.0,2,0.0,132.0,132,0.0,
0.1,1,62,13,30,5,1,2,31,145,8,1,132,3,72,8,1558610309355900,21171.99752851711,30122.017921146955,10520,4185,0.04185,0.09947923076923078,0.8797138461538462,0.20255483870967747,0.7847203225806453,0.9980766666666666,0.0,3008.00746,6154,1819.1802132291211,1.94774,2,0.31832199484170143,130.34136,132,12.677185545317178,
0.1,1,62,13,30,5,1,2,31,145,8,1,132,3,72,8,11950900,19793.37976122797,90097.52007648183,10554,4184,0.04184,0.09497461538461538,0.9050253846153846,0.19509322580645158,0.8049067741935484,1.0,0.0,9324.177650000001,12524,1828.869175832559,2.0,2,0.0,132.0,132,0.0,
0.1,1,62,13,30,5,1,2,31,145,8,1,132,3,72,8,11550300,20282.935384318644,99732.55064194009,10369,4206,0.04206,0.09561769230769232,0.9043823076923077,0.19578387096774194,0.8042161290322581,1.0,0.0,15620.763799999999,18687,1773.2538676539216,2.0,2,0.0,132.0,132,0.0,
0.1,1,62,13,30,5,1,2,31,145,8,1,132,3,72,8,12090400,19940.072427905205,110396.61733110527,10507,4189,0.04189,0.09535230769230768,0.9046476923076923,0.19529999999999997,0.8047000000000001,1.0,0.0,21863.67715,25007,1830.5972550284896,2.0,2,0.0,132.0,132,0.0,
0.1,1,62,13,30,5,1,2,31,145,8,1,132,3,72,8,13589800,19937.700285986655,70363.669930738,10490,4187,0.04187,0.09467307692307693,0.9053269230769231,0.19529580645161296,0.8047041935483871,1.0,0.0,28117.67826,31308,1812.5966828236715,2.0,2,0.0,132.0,132,0.0,
0.1,1,62,13,30,5,1,2,31,145,8,1,132,3,72,8,12231900,20270.841025146932,128639.61492750178,10379,4207,0.04207,0.09529076923076925,0.9047092307692307,0.1961248387096774,0.8038751612903225,1.0,0.0,34368.35467,37481,1778.0612532585042,2.0,2,0.0,132.0,132,0.0,
0.1,1,62,13,30,5,1,2,31,145,8,1,132,3,72,8,11640700,19774.754620897773,90052.03595238095,10604,4200,0.042,0.09510538461538462,0.9048946153846154,0.19585645161290324,0.8041435483870967,1.0,0.0,40703.41211,43884,1848.051629493998,2.0,2,0.0,132.0,132,0.0,
0.1,1,62,13,30,5,1,2,31,145,8,1,132,3,72,8,11855800,19433.497403079207,100630.55854996423,10782,4193,0.04193,0.0952923076923077,0.9047076923076923,0.1955290322580645,0.8044709677419355,1.0,0.0,47176.80205,50473,1904.2897534950473,2.0,2,0.0,132.0,132,0.0,
0.1,1,62,13,30,5,1,2,31,145,8,1,132,3,72,8,12575300,20194.459347238317,109686.95461060679,10356,4186,0.04186,0.0948423076923077,0.9051576923076924,0.19542612903225806,0.804573870967742,1.0,0.0,53560.80094,56644,1738.1883543146232,2.0,2,0.0,132.0,132,0.0,
0.1,1,62,13,30,5,1,2,31,145,8,1,132,3,72,8,8610200,20127.311098332375,70555.64008569389,10434,4201,0.04201,0.0953823076923077,0.9046176923076923,0.19594064516129037,0.8040593548387097,1.0,0.0,59799.97405,62876,1807.1143177334454,2.0,2,0.0,132.0,132,0.0,
0.1,1,62,13,30,5,1,2,31,165,8,1,132,3,72,8,1558610425618100,20995.304483246815,29779.551303515906,10595,4181,0.04181,0.09862,0.8826069230769231,0.2301432258064516,0.7608399999999998,0.9979,0.0,3003.6891699999996,6234,1852.8341946689977,1.9542199999999998,2,0.2989049875796662,130.51435,132,12.021813260798018,
0.1,1,62,13,30,5,1,2,31,165,8,1,132,3,72,8,8873400,20004.964867180806,90033.80975029727,10503,4205,0.04205,0.0951823076923077,0.9048176923076923,0.2231364516129032,0.7768635483870968,1.0,0.0,9384.66056,12531,1802.1060967769004,2.0,2,0.0,132.0,132,0.0,
0.1,1,62,13,30,5,1,2,31,165,8,1,132,3,72,8,8604200,19838.42002465156,98747.72267303102,10547,4190,0.0419,0.09481384615384615,0.9051861538461539,0.22218032258064518,0.7778196774193549,1.0,0.0,15679.173850000001,18890,1836.8102113681007,2.0,2,0.0,132.0,132,0.0,
0.1,1,62,13,30,5,1,2,31,165,8,1,132,3,72,8,8612800,20388.1574182243,110977.00930565498,10272,4191,0.04191,0.09519923076923077,0.9048007692307691,0.22225,0.77775,1.0,0.0,21894.09604,24969,1759.7952468671851,2.0,2,0.0,132.0,132,0.0,
0.1,1,62,13,30,5,1,2,31,165,8,1,132,3,72,8,8644400,19920.808502562155,70729.50606998334,10538,4201,0.04201,0.09540923076923077,0.9045907692307692,0.22312161290322582,0.7768783870967743,1.0,0.0,28103.93222,31307,1813.3509877478377,2.0,2,0.0,132.0,132,0.0,
0.1,1,62,13,30,5,1,2,31,165,8,1,132,3,72,8,10355300,20231.02313253012,128423.459633246,10375,4199,0.04199,0.09539307692307693,0.9046069230769231,0.2230764516129032,0.7769235483870968,1.0,0.0,34404.50838000001,37483,1773.6276790040936,2.0,2,0.0,132.0,132,0.0,
0.1,1,62,13,30,5,1,2,31,165,8,1,132,3,72,8,11735000,19712.04531352825,90820.62037699833,10637,4191,0.04191,0.09507461538461538,0.9049253846153846,0.22226387096774194,0.7777361290322581,1.0,0.0,40751.23159,43928,1862.443787827063,2.0,2,0.0,132.0,132,0.0,
0.1,1,62,13,30,5,1,2,31,165,8,1,132,3,72,8,9722400,20117.9860951285,97526.82479141836,10428,4195,0.04195,0.09543384615384615,0.9045661538461539,0.2224558064516129,0.7775441935483871,1.0,0.0,47038.412209999995,50162,1806.0567731867163,2.0,2,0.0,132.0,132,0.0,
0.1,1,62,13,30,5,1,2,31,165,8,1,132,3,72,8,8832700,20011.769282168767,110090.51632896306,10476,4195,0.04195,0.09534923076923077,0.9046507692307693,0.22278516129032258,0.7772148387096774,1.0,0.0,53334.63714,56442,1807.726389178549,2.0,2,0.0,132.0,132,0.0,
0.1,1,62,13,30,5,1,2,31,165,8,1,132,3,72,8,9819200,19728.696732887674,70920.15533285611,10621,4191,0.04191,0.09484846153846152,0.9051515384615385,0.22236290322580649,0.7776370967741935,1.0,0.0,59599.737270000005,62872,1869.8269872377361,2.0,2,0.0,132.0,132,0.0,
0.1,1,62,13,30,5,1,2,31,185,8,1,132,3,72,8,1558610524078800,21172.336309241142,29964.81557572862,10529,4186,0.04186,0.09880230769230766,0.8797176923076925,0.25867000000000007,0.7305541935483874,0.99763,0.0,3011.6890200000003,6162,1829.4924797198369,1.94553,2,0.32545816797247473,130.24819000000002,132,12.592491879048259,
0.1,1,62,13,30,5,1,2,31,185,8,1,132,3,72,8,11507200,19552.211326740064,90325.41259241593,10718,4193,0.04193,0.09557076923076924,0.9044292307692309,0.2493848387096774,0.7506151612903226,1.0,0.0,9434.97516,12688,1876.8542145790068,2.0,2,0.0,132.0,132,0.0,
0.1,1,62,13,30,5,1,2,31,185,8,1,132,3,72,8,8751800,20139.909257120864,99720.30783938814,10392,4184,0.04184,0.09521,0.9047900000000001,0.24921935483870972,0.7507806451612903,1.0,0.0,15784.37154,18895,1786.7007563601767,2.0,2,0.0,132.0,132,0.0,
0.1,1,62,13,30,5,1,2,31,185,8,1,132,3,72,8,9269300,19495.3885226112,111496.74149012139,10769,4201,0.04201,0.09531307692307692,0.9046869230769231,0.2499732258064516,0.7500267741935484,1.0,0.0,22231.744730000002,25464,1895.5412826280287,2.0,2,0.0,132.0,132,0.0,
0.1,1,62,13,30,5,1,2,31,185,8,1,132,3,72,8,8868600,20077.815860215054,71850.72514340344,10416,4184,0.04184,0.09525153846153846,0.9047484615384616,0.24900322580645162,0.7509967741935484,1.0,0.0,28583.07608,31695,1799.9878592623452,2.0,2,0.0,132.0,132,0.0,
0.1,1,62,13,30,5,1,2,31,185,8,1,132,3,72,8,10643600,19996.347435775,125801.61731044349,10471,4194,0.04194,0.09504846153846154,0.9049515384615384,0.24969322580645162,0.7503067741935483,1.0,0.0,34820.29472,37972,1821.5061858802783,2.0,2,0.0,132.0,132,0.0,
0.1,1,62,13,30,5,1,2,31,185,8,1,132,3,72,8,8683300,20096.018160963486,92044.28415040456,10462,4202,0.04202,0.09503923076923076,0.9049607692307693,0.2500151612903226,0.7499848387096775,1.0,0.0,41094.799640000005,44233,1789.3887280508839,2.0,2,0.0,132.0,132,0.0,
0.1,1,62,13,30,5,1,2,31,185,8,1,132,3,72,8,9304200,19702.485307967603,97634.4856665074,10618,4186,0.04186,0.09478615384615385,0.9052138461538461,0.24927677419354838,0.7507232258064517,1.0,0.0,47440.156729999995,50664,1845.694311137732,2.0,2,0.0,132.0,132,0.0,
0.1,1,62,13,30,5,1,2,31,185,8,1,132,3,72,8,8708900,20313.74816034082,113152.6267555344,10328,4201,0.04201,0.0951123076923077,0.9048876923076923,0.24992290322580646,0.7500770967741935,1.0,0.0,53728.68609,56792,1776.231690380081,2.0,2,0.0,132.0,132,0.0,
0.1,1,62,13,30,5,1,2,31,185,8,1,132,3,72,8,10893800,19584.36477166822,74125.11705924339,10730,4203,0.04203,0.09584153846153846,0.9041584615384615,0.2504393548387097,0.7495606451612903,1.0,0.0,60056.13307,63319,1870.9123169625825,2.0,2,0.0,132.0,132,0.0,
0.1,1,62,13,30,5,1,2,36,5,8,1,132,3,72,8,1558610623010200,21294.144704079677,30197.506084466713,10442,4191,0.04191,0.09918769230769232,0.877906153846154,0.008680277777777778,0.9678480555555556,0.9993500000000001,0.0,2961.20562,6066,1761.4649251802928,1.9448400000000001,2,0.3270739586087519,130.56025,132,11.43400935531804,
0.1,1,62,13,30,5,1,2,36,5,8,1,132,3,72,8,8742300,20118.734695835734,89372.08088761632,10422,4191,0.04191,0.09495307692307692,0.9050469230769231,0.008243611111111111,0.9917563888888888,1.0,0.0,9181.68759,12297,1786.9522436399925,2.0,2,0.0,132.0,132,0.0,
0.1,1,62,13,30,5,1,2,36,5,8,1,132,3,72,8,11544500,19943.357584403235,101054.73054892602,10515,4190,0.0419,0.09501846153846155,0.9049815384615384,0.008404166666666666,0.9915958333333335,1.0,0.0,15533.368219999998,18623,1836.2472392937882,2.0,2,0.0,132.0,132,0.0,
0.1,1,62,13,30,5,1,2,36,5,8,1,132,3,72,8,12227500,19803.621017907633,109038.681342218,10610,4202,0.04202,0.09525538461538462,0.9047446153846154,0.008509444444444443,0.9914905555555555,1.0,0.0,21878.39281,25029,1844.4989191241755,2.0,2,0.0,132.0,132,0.0,
0.1,1,62,13,30,5,1,2,36,5,8,1,132,3,72,8,11617100,19649.746235151062,72155.46711153479,10691,4196,0.04196,0.09495846153846155,0.9050415384615385,0.008175,0.991825,1.0,0.0,28253.24179,31524,1866.0346524187748,2.0,2,0.0,132.0,132,0.0,
0.1,1,62,13,30,5,1,2,36,5,8,1,132,3,72,8,9118800,20022.689869187434,129043.85029797378,10473,4195,0.04195,0.09522076923076923,0.9047792307692307,0.008404722222222223,0.9915952777777777,1.0,0.0,34621.47085,37802,1784.2804879644013,2.0,2,0.0,132.0,132,0.0,
0.1,1,62,13,30,5,1,2,36,5,8,1,132,3,72,8,10410200,19792.669148835896,89761.02548225768,10609,4199,0.04199,0.09526307692307692,0.9047369230769231,0.008209444444444445,0.9917905555555555,1.0,0.0,40978.20177,44213,1866.002453540411,2.0,2,0.0,132.0,132,0.0,
0.1,1,62,13,30,5,1,2,36,5,8,1,132,3,72,8,11976700,19905.3368642046,101980.74790719923,10479,4181,0.04181,0.09452153846153846,0.9054784615384615,0.00